FIPS formula,County Name,State Abbr,Jan,July
10001,Kent,DE,33.92,76.97
10003,New Castle,DE,32.38,76.05
10005,Sussex,DE,35.23,77.27
1001,Autauga,AL,43.9,80.03
1003,Baldwin,AL,49.5,81.27
1005,Barbour,AL,47.23,81.03
1007,Bibb,AL,42.8,79.72
1009,Blount,AL,41.9,79.3
1011,Bullock,AL,46.5,80.95
1013,Butler,AL,46.5,80.95
1015,Calhoun,AL,42.8,79.2
1017,Chambers,AL,43.65,79.25
1019,Cherokee,AL,41.62,78.82
1021,Chilton,AL,42.8,79.47
1023,Choctaw,AL,46.57,80.9
1025,Clarke,AL,47.73,81.13
1027,Clay,AL,42.8,79.2
1029,Cleburne,AL,42.42,79.03
1031,Coffee,AL,47.5,80.9
1033,Colbert,AL,39.8,78.7
1035,Conecuh,AL,47.5,80.9
1037,Coosa,AL,42.8,79.47
1039,Covington,AL,49.15,81.15
1041,Crenshaw,AL,46.5,80.95
1043,Cullman,AL,41.1,79.1
1045,Dale,AL,47.5,80.9
1047,Dallas,AL,45.27,80.63
1049,DeKalb,AL,41.03,78.73
1051,Elmore,AL,43.9,80.03
1053,Escambia,AL,48.85,81.2
1055,Etowah,AL,41.45,78.95
1057,Fayette,AL,42.8,80
1059,Franklin,AL,39.8,78.7
1061,Geneva,AL,47.5,80.9
1063,Greene,AL,44.15,80.5
1065,Hale,AL,44.15,80.5
1067,Henry,AL,48.1,81.05
1069,Houston,AL,48.1,81.05
1071,Jackson,AL,39.17,77.7
1073,Jefferson,AL,41.9,79.3
1075,Lamar,AL,42.95,80.25
1077,Lauderdale,AL,38.6,78.35
1079,Lawrence,AL,39.8,78.7
1081,Lee,AL,45.08,80.1
1083,Limestone,AL,38.6,78.35
1085,Lowndes,AL,45.27,80.63
1087,Macon,AL,45.47,80.33
1089,Madison,AL,38.48,77.62
1091,Marengo,AL,46.5,80.95
1093,Marion,AL,41.3,79.35
1095,Marshall,AL,40.9,78.87
1097,Mobile,AL,48.53,81.1
1099,Monroe,AL,48.85,81.2
11001,District of Columbia,DC,33.5,76.3
1101,Montgomery,AL,43.9,80.03
1103,Morgan,AL,40.25,78.65
1105,Perry,AL,44.15,80.5
1107,Pickens,AL,43.8,80.5
1109,Pike,AL,46.5,80.95
1111,Randolph,AL,43.65,79.25
1113,Russell,AL,45.8,80.32
1115,St. Clair,AL,41.45,78.95
1117,Shelby,AL,42.27,79.25
1119,Sumter,AL,45.1,80.77
1121,Talladega,AL,42.8,79.2
1123,Tallapoosa,AL,44.45,80.05
1125,Tuscaloosa,AL,41.75,79.3
1127,Walker,AL,41.75,79.3
1129,Washington,AL,48.13,81.07
1131,Wilcox,AL,46.5,80.95
1133,Winston,AL,41.1,79.1
12001,Alachua,FL,55.75,81.7
12003,Baker,FL,51.85,81.75
12005,Bay,FL,50.8,81.4
12007,Bradford,FL,53.5,81.5
12009,Brevard,FL,59.4,81.95
12011,Broward,FL,65.15,82.6
12013,Calhoun,FL,50.8,81.4
12015,Charlotte,FL,62.6,82.35
12017,Citrus,FL,55.75,81.7
12019,Clay,FL,53.5,81.5
12021,Collier,FL,64.4,82.7
12023,Columbia,FL,53.5,81.5
12027,DeSoto,FL,62.6,82.35
12029,Dixie,FL,53.5,81.5
12031,Duval,FL,53.5,81.5
12033,Escambia,FL,49.5,81.27
12035,Flagler,FL,55.75,81.7
12037,Franklin,FL,50.8,81.4
12039,Gadsden,FL,49.75,81.3
12041,Gilchrist,FL,53.5,81.5
12043,Glades,FL,62.6,82.35
12045,Gulf,FL,50.8,81.4
12047,Hamilton,FL,51.3,81.4
12049,Hardee,FL,60.8,82
12051,Hendry,FL,64.4,82.7
12053,Hernando,FL,58,81.9
12055,Highlands,FL,62.6,82.35
12057,Hillsborough,FL,59.4,81.95
12059,Holmes,FL,49.15,81.15
12061,Indian River,FL,60.8,82
12063,Jackson,FL,49,81.17
12065,Jefferson,FL,50.52,81.35
12067,Lafayette,FL,53.5,81.5
12069,Lake,FL,59.4,81.95
12071,Lee,FL,64.4,82.7
12073,Leon,FL,49.75,81.3
12075,Levy,FL,55.75,81.7
12077,Liberty,FL,50.8,81.4
12079,Madison,FL,51.13,81.4
12081,Manatee,FL,60.8,82
12083,Marion,FL,55.75,81.7
12085,Martin,FL,63.7,82.4
12086,Miami-Dade,FL,66.2,82.97
12087,Monroe,FL,66.2,82.97
12089,Nassau,FL,51.85,81.75
12091,Okaloosa,FL,49.15,81.15
12093,Okeechobee,FL,62.6,82.35
12095,Orange,FL,59.4,81.95
12097,Osceola,FL,60.8,82
12099,Palm Beach,FL,65.15,82.6
12101,Pasco,FL,59.4,81.95
12103,Pinellas,FL,59.4,81.95
12105,Polk,FL,59.4,81.95
12107,Putnam,FL,55.75,81.7
12109,St. Johns,FL,53.5,81.5
12111,St. Lucie,FL,63.7,82.4
12113,Santa Rosa,FL,49.15,81.15
12115,Sarasota,FL,62.6,82.35
12117,Seminole,FL,58,81.9
12119,Sumter,FL,59.4,81.95
12121,Suwannee,FL,53.5,81.5
12123,Taylor,FL,52.15,81.45
12125,Union,FL,53.5,81.5
12127,Volusia,FL,55.75,81.7
12129,Wakulla,FL,50.8,81.4
12131,Walton,FL,49.15,81.15
12133,Washington,FL,50.8,81.4
13001,Appling,GA,49.65,81.65
13003,Atkinson,GA,49.65,81.65
13005,Bacon,GA,49.65,81.65
13007,Baker,GA,48.7,81.2
13009,Baldwin,GA,45.4,80.9
13011,Banks,GA,40.9,77.65
13013,Barrow,GA,40.2,76.9
13015,Bartow,GA,40.2,77.6
13017,Ben Hill,GA,49.1,81.3
13019,Berrien,GA,49.1,81.3
13021,Bibb,GA,45.4,80.9
13023,Bleckley,GA,45.4,80.9
13025,Brantley,GA,50.2,82
13027,Brooks,GA,51.3,81.4
13029,Bryan,GA,48.35,81.6
13031,Bulloch,GA,48.35,81.6
13033,Burke,GA,45.8,81.17
13035,Butts,GA,44.65,80.15
13037,Calhoun,GA,48.7,81.2
13039,Camden,GA,51.85,81.75
13043,Candler,GA,48.35,81.6
13045,Carroll,GA,41.92,78.42
13047,Catoosa,GA,38.4,77
13049,Charlton,GA,51.85,81.75
13051,Chatham,GA,48,81.57
13053,Chattahoochee,GA,46.7,80.5
13055,Chattooga,GA,40.2,78.3
13057,Cherokee,GA,40.2,77.6
13059,Clarke,GA,40.9,77.65
13061,Clay,GA,48.1,81.05
13063,Clayton,GA,42.05,78.15
13065,Clinch,GA,50.93,81.6
13067,Cobb,GA,40.2,77.6
13069,Coffee,GA,49.65,81.65
13071,Colquitt,GA,48.9,81.25
13073,Columbia,GA,43.9,80.13
13075,Cook,GA,49.1,81.3
13077,Coweta,GA,42.05,78.15
13079,Crawford,GA,44.65,80.15
13081,Crisp,GA,48.9,81.25
13083,Dade,GA,38.38,76.95
13085,Dawson,GA,40.2,76.9
13087,Decatur,GA,49.75,81.3
13089,DeKalb,GA,43.17,79.07
13091,Dodge,GA,47.25,81.1
13093,Dooly,GA,46.77,80.7
13095,Dougherty,GA,48.9,81.25
13097,Douglas,GA,41.43,78.2
13099,Early,GA,48.1,81.05
13101,Echols,GA,51.3,81.4
13103,Effingham,GA,48,81.57
13105,Elbert,GA,42.23,79.5
13107,Emanuel,GA,47.37,81.37
13109,Evans,GA,48.35,81.6
13111,Fannin,GA,37.43,74.77
13113,Fayette,GA,42.05,78.15
13115,Floyd,GA,40.2,78.3
13117,Forsyth,GA,40.2,76.9
13119,Franklin,GA,41.55,78.85
13121,Fulton,GA,42.05,78.15
13123,Gilmer,GA,40.2,77.6
13125,Glascock,GA,45.95,81.05
13127,Glynn,GA,50.2,82
13129,Gordon,GA,40.2,77.6
13131,Grady,GA,48.7,81.2
13133,Greene,GA,42.4,78.73
13135,Gwinnett,GA,42.8,78.9
13137,Habersham,GA,40.57,77.23
13139,Hall,GA,40.9,77.65
13141,Hancock,GA,45.95,81.05
13143,Haralson,GA,42.05,78.85
13145,Harris,GA,43.65,79.25
13147,Hart,GA,41.55,78.85
13149,Heard,GA,43.65,79.25
13151,Henry,GA,43.17,79.07
13153,Houston,GA,46.13,80.53
13155,Irwin,GA,49.1,81.3
13157,Jackson,GA,40.9,77.65
13159,Jasper,GA,45.4,80.9
13161,Jeff Davis,GA,48.23,81.4
13163,Jefferson,GA,45.95,81.05
13165,Jenkins,GA,46.5,81.2
13167,Johnson,GA,45.95,81.05
13169,Jones,GA,45.4,80.9
13171,Lamar,GA,44.65,80.15
13173,Lanier,GA,49.1,81.3
13175,Laurens,GA,45.4,80.9
13177,Lee,GA,48.9,81.25
13179,Liberty,GA,50.2,82
13181,Lincoln,GA,43.9,80.13
13183,Long,GA,50.2,82
13185,Lowndes,GA,51.3,81.4
13187,Lumpkin,GA,40.2,76.9
13189,McDuffie,GA,44.05,79.8
13191,McIntosh,GA,50.2,82
13193,Macon,GA,46.77,80.7
13195,Madison,GA,40.9,77.65
13197,Marion,GA,46.3,80.3
13199,Meriwether,GA,43.9,79.4
13201,Miller,GA,48.7,81.2
13205,Mitchell,GA,48.9,81.25
13207,Monroe,GA,44.65,80.15
13209,Montgomery,GA,48.23,81.4
13211,Morgan,GA,42.8,78.9
13213,Murray,GA,39,76.97
13215,Muscogee,GA,44.93,79.8
13217,Newton,GA,43.17,79.07
13219,Oconee,GA,42.4,78.73
13221,Oglethorpe,GA,42.4,78.73
13223,Paulding,GA,41.43,78.2
13225,Peach,GA,44.65,80.15
13227,Pickens,GA,40.2,76.9
13229,Pierce,GA,50.2,82
13231,Pike,GA,43.9,79.4
13233,Polk,GA,42.05,78.85
13235,Pulaski,GA,47.25,81.1
13237,Putnam,GA,45.4,80.9
13239,Quitman,GA,48.1,81.05
13241,Rabun,GA,40.57,77.23
13243,Randolph,GA,48.7,81.2
13245,Richmond,GA,45.05,81
13247,Rockdale,GA,43.17,79.07
13249,Schley,GA,46.3,80.3
13251,Screven,GA,46.9,81.35
13253,Seminole,GA,49,81.17
13255,Spalding,GA,44.65,80.15
13257,Stephens,GA,41,78.03
13259,Stewart,GA,48.1,81.05
13261,Sumter,GA,47.23,80.63
13263,Talbot,GA,43.9,79.4
13265,Taliaferro,GA,44.5,80.17
13267,Tattnall,GA,50.2,82
13269,Taylor,GA,44.65,80.15
13271,Telfair,GA,47.25,81.1
13273,Terrell,GA,48.7,81.2
13275,Thomas,GA,48.9,81.25
13277,Tift,GA,49.1,81.3
13279,Toombs,GA,47.8,81.35
13281,Towns,GA,39.1,75.67
13283,Treutlen,GA,47.37,81.37
13285,Troup,GA,43.9,79.4
13287,Turner,GA,49.1,81.3
13289,Twiggs,GA,45.4,80.9
13291,Union,GA,37.85,74.3
13293,Upson,GA,44.65,80.15
13295,Walker,GA,39.17,77.53
13297,Walton,GA,42.8,78.9
13299,Ware,GA,50.93,81.6
13301,Warren,GA,44.5,80.17
13303,Washington,GA,45.95,81.05
13305,Wayne,GA,50.2,82
13307,Webster,GA,46.3,80.3
13309,Wheeler,GA,47.25,81.1
13311,White,GA,40.9,77.65
13313,Whitfield,GA,38.4,77
13315,Wilcox,GA,47.25,81.1
13317,Wilkes,GA,44.5,80.17
13319,Wilkinson,GA,45.4,80.9
13321,Worth,GA,48.9,81.25
16001,Ada,ID,26.55,67.85
16003,Adams,ID,26.97,66.63
16005,Bannock,ID,21.05,66.85
16007,Bear Lake,ID,21.85,64.65
16009,Benewah,ID,27.88,64.7
16011,Bingham,ID,21.05,66.85
16013,Blaine,ID,23.17,66.97
16015,Boise,ID,26.55,67.85
16017,Bonner,ID,25.15,62.65
16019,Bonneville,ID,21.05,66.85
16021,Boundary,ID,26.1,64.15
16023,Butte,ID,21.17,64.03
16025,Camas,ID,24.6,66.45
16027,Canyon,ID,29.15,72.3
16029,Caribou,ID,21.8,65.7
16031,Cassia,ID,23.95,68.5
16033,Clark,ID,20.68,64.22
16035,Clearwater,ID,26.98,64.38
16037,Custer,ID,22.28,65.78
16039,Elmore,ID,26.23,68.9
16041,Franklin,ID,21.8,65.7
16043,Fremont,ID,19.9,63.2
16045,Gem,ID,26.55,67.85
16047,Gooding,ID,24.6,66.45
16049,Idaho,ID,27.14,64.34
16051,Jefferson,ID,21.05,66.85
16053,Jerome,ID,25.6,71
16055,Kootenai,ID,26.88,64.6
16057,Latah,ID,28.56,65.48
16059,Lemhi,ID,21.6,62.96
16061,Lewis,ID,30.4,66.95
16063,Lincoln,ID,25.6,71
16065,Madison,ID,21.05,66.85
16067,Minidoka,ID,22.95,69.5
16069,Nez Perce,ID,30.07,66.57
16071,Oneida,ID,21.8,65.7
16073,Owyhee,ID,28.26,71
16075,Payette,ID,29.15,72.3
16077,Power,ID,21.05,66.85
16079,Shoshone,ID,23.55,61.8
16081,Teton,ID,21.8,65.7
16083,Twin Falls,ID,26.85,70.15
16085,Valley,ID,26.55,67.85
16087,Washington,ID,27.43,67.67
17001,Adams,IL,26.6,76.15
17003,Alexander,IL,33.58,78.22
17005,Bond,IL,30,77.1
17007,Boone,IL,22,73.4
17009,Brown,IL,26.55,75.95
17011,Bureau,IL,23.15,74.1
17013,Calhoun,IL,28.15,76.6
17015,Carroll,IL,20.85,73.45
17017,Cass,IL,26,75.57
17019,Champaign,IL,24.85,74.5
17021,Christian,IL,26.5,75.6
17023,Clark,IL,27.6,75.2
17025,Clay,IL,28.5,76.2
17027,Clinton,IL,29.5,76.8
17029,Coles,IL,28.5,76.2
17031,Cook,IL,22.6,73.4
17033,Crawford,IL,29.6,76.4
17035,Cumberland,IL,28.5,76.2
17037,DeKalb,IL,22,73.4
17039,De Witt,IL,24.9,74.8
17041,Douglas,IL,26.65,75.2
17043,DuPage,IL,22.6,73.4
17045,Edgar,IL,26.65,75.2
17047,Edwards,IL,30.25,76.85
17049,Effingham,IL,28.5,76.2
17051,Fayette,IL,28.3,76.3
17053,Ford,IL,24.85,74.5
17055,Franklin,IL,31.95,77.65
17057,Fulton,IL,24.95,75.15
17059,Gallatin,IL,32.43,77.47
17061,Greene,IL,28.1,76.4
17063,Grundy,IL,22.6,73.4
17065,Hamilton,IL,32,77.5
17067,Hancock,IL,25.43,75.8
17069,Hardin,IL,33.3,77.9
17071,Henderson,IL,24.05,75.3
17073,Henry,IL,21.4,73.4
17075,Iroquois,IL,24.8,74.2
17077,Jackson,IL,32.1,77.43
17079,Jasper,IL,28.5,76.2
17081,Jefferson,IL,30.8,77.17
17083,Jersey,IL,28.15,76.6
17085,Jo Daviess,IL,19.12,72.5
17087,Johnson,IL,31.95,77.65
17089,Kane,IL,22.6,73.4
17091,Kankakee,IL,23.7,73.8
17093,Kendall,IL,22.6,73.4
17095,Knox,IL,23.2,74.45
17097,Lake,IL,22.6,73.4
17099,LaSalle,IL,22.97,73.87
17101,Lawrence,IL,29.6,76.4
17103,Lee,IL,21.4,73.4
17105,Livingston,IL,24.1,74.13
17107,Logan,IL,24.9,74.8
17109,McDonough,IL,25,75.5
17111,McHenry,IL,22.6,73.4
17113,McLean,IL,24.85,74.5
17115,Macon,IL,27.17,75.8
17117,Macoupin,IL,28.1,76.4
17119,Madison,IL,29.4,77
17121,Marion,IL,30.8,77.17
17123,Marshall,IL,22.97,73.87
17125,Mason,IL,24.95,75.15
17127,Massac,IL,32.83,77.87
17129,Menard,IL,26.5,75.6
17131,Mercer,IL,22.45,74.38
17133,Monroe,IL,30.83,77.2
17135,Montgomery,IL,28.3,76.3
17137,Morgan,IL,26.55,75.95
17139,Moultrie,IL,26.07,75.07
17141,Ogle,IL,21.4,73.4
17143,Peoria,IL,24.95,75.15
17145,Perry,IL,31.95,77.65
17147,Piatt,IL,26.07,75.07
17149,Pike,IL,27.1,76.23
17151,Pope,IL,32.83,77.87
17153,Pulaski,IL,33.25,78.05
17155,Putnam,IL,23.15,74.1
17157,Randolph,IL,32.15,77.4
17159,Richland,IL,30.25,76.85
17161,Rock Island,IL,20.85,73.45
17163,St. Clair,IL,29.4,77
17165,Saline,IL,32,77.5
17167,Sangamon,IL,26.5,75.6
17169,Schuyler,IL,25,75.5
17171,Scott,IL,28.1,76.4
17173,Shelby,IL,27.17,75.8
17175,Stark,IL,23.77,74.57
17177,Stephenson,IL,21.4,73.4
17179,Tazewell,IL,24.95,75.15
17181,Union,IL,32.1,77.43
17183,Vermilion,IL,26.65,75.2
17185,Wabash,IL,30.4,76.77
17187,Warren,IL,23.2,74.45
17189,Washington,IL,31.9,77.8
17191,Wayne,IL,30.25,76.85
17193,White,IL,31.35,77.05
17195,Whiteside,IL,20.85,73.45
17197,Will,IL,22.6,73.4
17199,Williamson,IL,31.95,77.65
17201,Winnebago,IL,22,73.4
17203,Woodford,IL,23.75,74.1
18001,Adams,IN,25.43,73.1
18003,Allen,IN,24.95,73.05
18005,Bartholomew,IN,29.17,74.73
18007,Benton,IN,24.55,73.7
18009,Blackford,IN,25.9,73.3
18011,Boone,IN,26.8,74.05
18013,Brown,IN,30.5,75.3
18015,Carroll,IN,25.6,73.53
18017,Cass,IN,24.4,73
18019,Clark,IN,31.75,75.6
18021,Clay,IN,28.7,75.4
18023,Clinton,IN,26.03,73.63
18025,Crawford,IN,31.8,76.17
18027,Daviess,IN,30.7,76.6
18029,Dearborn,IN,30.5,74.93
18031,Decatur,IN,28.5,74.45
18033,DeKalb,IN,24.95,73.05
18035,Delaware,IN,26.6,73.55
18037,Dubois,IN,30.6,75.95
18039,Elkhart,IN,24.02,72.05
18041,Fayette,IN,27.77,74.03
18043,Floyd,IN,31.6,75.63
18045,Fountain,IN,26.7,74.2
18047,Franklin,IN,28.73,74.4
18049,Fulton,IN,24.4,73
18051,Gibson,IN,31.35,77.05
18053,Grant,IN,25.3,73.17
18055,Greene,IN,28.7,75.4
18057,Hamilton,IN,26.9,73.9
18059,Hancock,IN,26.6,73.55
18061,Harrison,IN,32.35,75.95
18063,Hendricks,IN,26.8,74.05
18065,Henry,IN,26.6,73.55
18067,Howard,IN,25.7,73.35
18069,Huntington,IN,24.5,72.8
18071,Jackson,IN,29.17,74.73
18073,Jasper,IN,24.3,73.2
18075,Jay,IN,25.73,73.07
18077,Jefferson,IN,31.15,75.25
18079,Jennings,IN,29.17,74.73
18081,Johnson,IN,28.7,74.6
18083,Knox,IN,30.4,76.77
18085,Kosciusko,IN,24.5,72.8
18087,LaGrange,IN,24,72.23
18089,Lake,IN,23.9,73.6
18091,LaPorte,IN,24.3,72.5
18093,Lawrence,IN,30.6,75.95
18095,Madison,IN,26.6,73.55
18097,Marion,IN,26.9,73.9
18099,Marshall,IN,24.4,73
18101,Martin,IN,30.7,76.6
18103,Miami,IN,24.5,72.8
18105,Monroe,IN,29.3,75.37
18107,Montgomery,IN,26.7,74.2
18109,Morgan,IN,28.03,74.47
18111,Newton,IN,24.55,73.7
18113,Noble,IN,24.5,72.8
18115,Ohio,IN,31.15,75.25
18117,Orange,IN,30.6,75.95
18119,Owen,IN,29.3,75.37
18121,Parke,IN,26.7,74.2
18123,Perry,IN,32.5,76.7
18125,Pike,IN,30.7,76.6
18127,Porter,IN,24.3,73.2
18129,Posey,IN,32.43,77.47
18131,Pulaski,IN,24.3,73.2
18133,Putnam,IN,26.8,74.05
18135,Randolph,IN,26.35,73.2
18137,Ripley,IN,28.5,74.45
18139,Rush,IN,26.6,73.55
18141,St. Joseph,IN,24.3,72.5
18143,Scott,IN,30.3,75.15
18145,Shelby,IN,26.9,73.9
18147,Spencer,IN,31.93,76.73
18149,Starke,IN,24.4,73
18151,Steuben,IN,24.3,72.4
18153,Sullivan,IN,29.6,76.4
18155,Switzerland,IN,31.15,75.25
18157,Tippecanoe,IN,25.17,73.4
18159,Tipton,IN,26.9,73.9
18161,Union,IN,28.53,74.17
18163,Vanderburgh,IN,32.65,77.45
18165,Vermillion,IN,26.67,74.87
18167,Vigo,IN,28.63,75.67
18169,Wabash,IN,24.5,72.8
18171,Warren,IN,25.27,73.87
18173,Warrick,IN,32.65,77.45
18175,Washington,IN,30.3,75.15
18177,Wayne,IN,27.3,73.57
18179,Wells,IN,25.7,73.35
18181,White,IN,24.3,73.2
18183,Whitley,IN,24.5,72.8
19001,Adair,IA,21.4,74.3
19003,Adams,IA,22.8,74.9
19005,Allamakee,IA,16.57,71.37
19007,Appanoose,IA,25.93,76.17
19009,Audubon,IA,20,73.7
19011,Benton,IA,19.9,73.5
19013,Black Hawk,IA,18.25,72.67
19015,Boone,IA,19.75,73.6
19017,Bremer,IA,16.6,71.85
19019,Buchanan,IA,18.65,72.6
19021,Buena Vista,IA,18.45,73.15
19023,Butler,IA,17.85,72.75
19025,Calhoun,IA,18.45,73.15
19027,Carroll,IA,20,73.7
19029,Cass,IA,21.4,74.3
19031,Cedar,IA,20.3,73.5
19033,Cerro Gordo,IA,16.2,72
19035,Cherokee,IA,16.9,72.6
19037,Chickasaw,IA,16.6,71.85
19039,Clarke,IA,22.8,74.9
19041,Clay,IA,16.9,72.6
19043,Clayton,IA,17.4,71.55
19045,Clinton,IA,20.85,73.45
19047,Crawford,IA,20,73.7
19049,Dallas,IA,21.27,74.25
19051,Davis,IA,24.7,75.6
19053,Decatur,IA,22.8,74.9
19055,Delaware,IA,18.65,72.6
19057,Des Moines,IA,24.05,75.3
19059,Dickinson,IA,15.75,72.1
19061,Dubuque,IA,19.12,72.5
19063,Emmet,IA,16.9,72.6
19065,Fayette,IA,17,71.7
19067,Floyd,IA,16.2,72
19069,Franklin,IA,17.85,72.75
19071,Fremont,IA,24.13,75.77
19073,Greene,IA,19.75,73.6
19075,Grundy,IA,18.25,72.6
19077,Guthrie,IA,20,73.7
19079,Hamilton,IA,19.5,73.5
19081,Hancock,IA,16.2,72
19083,Hardin,IA,19.5,73.5
19085,Harrison,IA,21.87,74.5
19087,Henry,IA,23.1,75.1
19089,Howard,IA,16.03,71.57
19091,Humboldt,IA,16.55,72.3
19093,Ida,IA,18.45,73.15
19095,Iowa,IA,20.97,74.03
19097,Jackson,IA,19.57,72.87
19099,Jasper,IA,21.15,74.2
19101,Jefferson,IA,23.1,75.1
19103,Johnson,IA,21.7,74.3
19105,Jones,IA,18.65,72.6
19107,Keokuk,IA,21.8,74.5
19109,Kossuth,IA,15.9,72.13
19111,Lee,IA,25.43,75.8
19113,Linn,IA,20.3,73.5
19115,Louisa,IA,21.6,74
19117,Lucas,IA,22.8,74.9
19119,Lyon,IA,17.8,73.2
19121,Madison,IA,21.87,74.5
19123,Mahaska,IA,21.8,74.5
19125,Marion,IA,21.15,74.2
19127,Marshall,IA,19.5,73.5
19129,Mills,IA,23.4,75.3
19131,Mitchell,IA,15.55,71.5
19133,Monona,IA,20.8,73.9
19135,Monroe,IA,22.8,74.9
19137,Montgomery,IA,22.8,74.9
19139,Muscatine,IA,21.6,74
19141,O'Brien,IA,16.9,72.6
19143,Osceola,IA,15.75,72.1
19145,Page,IA,22.8,74.9
19147,Palo Alto,IA,16.9,72.6
19149,Plymouth,IA,17.8,73.2
19151,Pocahontas,IA,18.45,73.15
19153,Polk,IA,21.15,74.2
19155,Pottawattamie,IA,22.27,74.77
19157,Poweshiek,IA,21.8,74.5
19159,Ringgold,IA,24.13,75.53
19161,Sac,IA,18.45,73.15
19163,Scott,IA,20.85,73.45
19165,Shelby,IA,20,73.7
19167,Sioux,IA,17.8,73.2
19169,Story,IA,19.5,73.5
19171,Tama,IA,19.5,73.5
19173,Taylor,IA,22.8,74.9
19175,Union,IA,22.8,74.9
19177,Van Buren,IA,25.65,75.95
19179,Wapello,IA,22.95,75
19181,Warren,IA,21.15,74.2
19183,Washington,IA,21.7,74.3
19185,Wayne,IA,24.8,75.85
19187,Webster,IA,18.15,72.95
19189,Winnebago,IA,15.4,71.9
19191,Winneshiek,IA,15.95,71.35
19193,Woodbury,IA,19.3,73.55
19195,Worth,IA,15.23,71.6
19197,Wright,IA,17.85,72.75
20001,Allen,KS,32.6,79.5
20003,Anderson,KS,31.25,78.95
20005,Atchison,KS,27.2,77.25
20007,Barber,KS,33.8,81.05
20009,Barton,KS,31.45,79.9
20011,Bourbon,KS,32.6,79.5
20013,Brown,KS,27.6,77.7
20015,Butler,KS,32.6,79.5
20017,Chase,KS,31.25,78.95
20019,Chautauqua,KS,34.2,80.15
20021,Cherokee,KS,34.2,80.15
20023,Cheyenne,KS,29.3,75.7
20025,Clark,KS,33.27,79.5
20027,Clay,KS,29.05,78.55
20029,Cloud,KS,28.3,78.6
20031,Coffey,KS,31.25,78.95
20033,Comanche,KS,33.73,80.08
20035,Cowley,KS,32.6,79.5
20037,Crawford,KS,32.6,79.5
20039,Decatur,KS,29.3,76.8
20041,Dickinson,KS,30.15,78.95
20043,Doniphan,KS,27.2,77.25
20045,Douglas,KS,28.75,78.05
20047,Edwards,KS,32.5,80.3
20049,Elk,KS,32.6,79.5
20051,Ellis,KS,30.45,78.7
20053,Ellsworth,KS,30.4,79.5
20055,Finney,KS,32.4,78.9
20057,Ford,KS,32.45,79.6
20059,Franklin,KS,29.9,78.4
20061,Geary,KS,29.3,78.53
20063,Gove,KS,30.5,77.9
20065,Graham,KS,29.37,77.77
20067,Grant,KS,32.4,78.9
20069,Gray,KS,32.4,78.9
20071,Greeley,KS,30.52,75.85
20073,Greenwood,KS,31.25,78.95
20075,Hamilton,KS,31.15,75.45
20077,Harper,KS,33.8,81.05
20079,Harvey,KS,31.83,79.77
20081,Haskell,KS,32.4,78.9
20083,Hodgeman,KS,32.45,79.6
20085,Jackson,KS,28.75,78.05
20087,Jefferson,KS,28.75,78.05
20089,Jewell,KS,28.3,78.6
20091,Johnson,KS,28.75,78.05
20093,Kearny,KS,32.4,78.9
20095,Kingman,KS,32.5,80.3
20097,Kiowa,KS,32.45,79.6
20099,Labette,KS,32.6,79.5
20101,Lane,KS,31.45,78.4
20103,Leavenworth,KS,28.1,77.63
20105,Lincoln,KS,29.35,79.05
20107,Linn,KS,31.25,78.95
20109,Logan,KS,30.5,77.9
20111,Lyon,KS,31.25,78.95
20113,McPherson,KS,31.45,79.9
20115,Marion,KS,31.35,79.42
20117,Marshall,KS,27.6,77.7
20119,Meade,KS,33.65,79.1
20121,Miami,KS,29.9,78.4
20123,Mitchell,KS,29.35,79.05
20125,Montgomery,KS,34.2,80.15
20127,Morris,KS,30.15,78.95
20129,Morton,KS,32.4,76.73
20131,Nemaha,KS,27.6,77.7
20133,Neosho,KS,32.6,79.5
20135,Ness,KS,31.45,79.15
20137,Norton,KS,28,77.17
20139,Osage,KS,29.9,78.4
20141,Osborne,KS,29.35,79.05
20143,Ottawa,KS,29.35,79.05
20145,Pawnee,KS,31.45,79.9
20147,Phillips,KS,28,77.17
20149,Pottawatomie,KS,28.75,78.05
20151,Pratt,KS,32.5,80.3
20153,Rawlins,KS,29.3,76.8
20155,Reno,KS,32.5,80.3
20157,Republic,KS,28.3,78.6
20159,Rice,KS,31.45,79.9
20161,Riley,KS,28.75,78.05
20163,Rooks,KS,29.73,78.67
20165,Rush,KS,31.45,79.9
20167,Russell,KS,30.4,79.5
20169,Saline,KS,29.35,79.05
20171,Scott,KS,31.45,78.4
20173,Sedgwick,KS,32.55,79.9
20175,Seward,KS,33.65,79.1
20177,Shawnee,KS,28.75,78.05
20179,Sheridan,KS,29.9,77.35
20181,Sherman,KS,29.7,76.43
20183,Smith,KS,28.3,78.6
20185,Stafford,KS,31.45,79.9
20187,Stanton,KS,31.15,75.45
20189,Stevens,KS,33.65,79.1
20191,Sumner,KS,33.4,80.53
20193,Thomas,KS,29.9,77.35
20195,Trego,KS,30.45,78.7
20197,Wabaunsee,KS,28.75,78.05
20199,Wallace,KS,29.9,76.25
20201,Washington,KS,27.95,78.15
20203,Wichita,KS,31.45,78.4
20205,Wilson,KS,32.6,79.5
20207,Woodson,KS,32.6,79.5
20209,Wyandotte,KS,28.1,77.63
21001,Adair,KY,34.2,76.6
21003,Allen,KY,34.4,77.45
21005,Anderson,KY,33.2,76.05
21007,Ballard,KY,33.25,78.05
21009,Barren,KY,34.2,76.6
21011,Bath,KY,33,75.15
21013,Bell,KY,34.4,74
21015,Boone,KY,30.5,74.93
21017,Bourbon,KY,32.2,75.5
21019,Boyd,KY,32.63,74.53
21021,Boyle,KY,33.2,76.05
21023,Bracken,KY,32.2,75.5
21025,Breathitt,KY,33.8,74.8
21027,Breckinridge,KY,33.1,76.73
21029,Bullitt,KY,34.2,76.6
21031,Butler,KY,34.4,77.45
21033,Caldwell,KY,34.6,78.3
21035,Calloway,KY,36.63,78.63
21037,Campbell,KY,30.7,74.9
21039,Carlisle,KY,35,79.05
21041,Carroll,KY,31.15,75.25
21043,Carter,KY,33.8,74.8
21045,Casey,KY,33.2,76.05
21047,Christian,KY,34.6,78.3
21049,Clark,KY,33,75.15
21051,Clay,KY,33.8,74.8
21053,Clinton,KY,35.35,76.15
21055,Crittenden,KY,33.3,77.9
21057,Cumberland,KY,34.2,76.6
21059,Daviess,KY,32.65,77.45
21061,Edmonson,KY,34.2,76.6
21063,Elliott,KY,33.8,74.8
21065,Estill,KY,33,75.15
21067,Fayette,KY,32.2,75.5
21069,Fleming,KY,33,75.15
21071,Floyd,KY,33.8,74.8
21073,Franklin,KY,32.2,75.5
21075,Fulton,KY,35.97,79.23
21077,Gallatin,KY,31.15,75.25
21079,Garrard,KY,33,75.15
21081,Grant,KY,32.2,75.5
21083,Graves,KY,36.25,78.95
21085,Grayson,KY,34.4,77.45
21087,Green,KY,34.2,76.6
21089,Greenup,KY,32.4,74.5
21091,Hancock,KY,32.5,76.7
21093,Hardin,KY,32.35,75.95
21095,Harlan,KY,33.3,73.15
21097,Harrison,KY,32.2,75.5
21099,Hart,KY,34.2,76.6
21101,Henderson,KY,32.65,77.45
21103,Henry,KY,32.2,75.5
21105,Hickman,KY,35.97,79.23
21107,Hopkins,KY,34.6,78.3
21109,Jackson,KY,33,75.15
21111,Jefferson,KY,31.75,75.6
21113,Jessamine,KY,32.2,75.5
21115,Johnson,KY,33.8,74.8
21117,Kenton,KY,30.7,74.9
21119,Knott,KY,33.8,74.8
21121,Knox,KY,33.8,74.8
21123,Larue,KY,34.2,76.6
21125,Laurel,KY,33.8,74.8
21127,Lawrence,KY,33.45,74.7
21129,Lee,KY,33.8,74.8
21131,Leslie,KY,33.8,74.8
21133,Letcher,KY,33.3,73.15
21135,Lewis,KY,32.33,74.83
21137,Lincoln,KY,33.4,75.63
21139,Livingston,KY,33.3,77.9
21141,Logan,KY,34.4,77.45
21143,Lyon,KY,34.6,78.3
21145,McCracken,KY,33.3,77.9
21147,McCreary,KY,33.8,74.8
21149,McLean,KY,34.6,78.3
21151,Madison,KY,33,75.15
21153,Magoffin,KY,33.8,74.8
21155,Marion,KY,33.2,76.05
21157,Marshall,KY,34.6,78.3
21159,Martin,KY,33.45,74.7
21161,Mason,KY,31.73,74.87
21163,Meade,KY,32.35,75.95
21165,Menifee,KY,33,75.15
21167,Mercer,KY,32.2,75.5
21169,Metcalfe,KY,34.2,76.6
21171,Monroe,KY,34.2,76.6
21173,Montgomery,KY,33,75.15
21175,Morgan,KY,33.8,74.8
21177,Muhlenberg,KY,34.4,77.45
21179,Nelson,KY,33.2,76.05
21181,Nicholas,KY,32.2,75.5
21183,Ohio,KY,34.4,77.45
21185,Oldham,KY,32.17,75.7
21187,Owen,KY,32.2,75.5
21189,Owsley,KY,33.8,74.8
21191,Pendleton,KY,30.7,74.9
21193,Perry,KY,33.8,74.8
21195,Pike,KY,33.23,73.63
21197,Powell,KY,33,75.15
21199,Pulaski,KY,33.4,75.63
21201,Robertson,KY,32.2,75.5
21203,Rockcastle,KY,33,75.15
21205,Rowan,KY,33,75.15
21207,Russell,KY,34,75.7
21209,Scott,KY,32.2,75.5
21211,Shelby,KY,33.2,76.05
21213,Simpson,KY,34.4,77.45
21215,Spencer,KY,33.2,76.05
21217,Taylor,KY,34.2,76.6
21219,Todd,KY,34.6,78.3
21221,Trigg,KY,36,78.15
21223,Trimble,KY,31.15,75.25
21225,Union,KY,32.43,77.47
21227,Warren,KY,34.4,77.45
21229,Washington,KY,33.2,76.05
21231,Wayne,KY,34,75.7
21233,Webster,KY,34.6,78.3
21235,Whitley,KY,33.8,74.8
21237,Wolfe,KY,33.8,74.8
21239,Woodford,KY,32.2,75.5
22001,Acadia,LA,50.63,82.23
22003,Allen,LA,49.95,82.25
22005,Ascension,LA,51.73,82.1
22007,Assumption,LA,52.6,82.3
22009,Avoyelles,LA,49.35,81.95
22011,Beauregard,LA,48.83,82.27
22013,Bienville,LA,45.75,81.95
22015,Bossier,LA,44.53,81.53
22017,Caddo,LA,44.05,81.45
22019,Calcasieu,LA,50.63,82.67
22021,Caldwell,LA,46.67,82
22023,Cameron,LA,52.2,82.7
22025,Catahoula,LA,46.67,82
22027,Claiborne,LA,44.77,81.73
22029,Concordia,LA,47.23,81.83
22031,De Soto,LA,47.1,82.23
22033,East Baton Rouge,LA,51.73,82.1
22035,East Carroll,LA,44.17,81.87
22037,East Feliciana,LA,48.6,81.45
22039,Evangeline,LA,49.95,82.25
22041,Franklin,LA,46.67,82
22043,Grant,LA,47.1,81.95
22045,Iberia,LA,51.6,82.25
22047,Iberville,LA,51.73,82.1
22049,Jackson,LA,45.5,81.7
22051,Jefferson,LA,53.2,82.4
22053,Jefferson Davis,LA,49.95,82.25
22055,Lafayette,LA,50.63,82.23
22057,Lafourche,LA,52.6,82.3
22059,La Salle,LA,47.1,81.95
22061,Lincoln,LA,45.5,81.7
22063,Livingston,LA,51.6,82.05
22065,Madison,LA,45.7,81.7
22067,Morehouse,LA,44.63,81.83
22069,Natchitoches,LA,47,82
22071,Orleans,LA,51.6,82.05
22073,Ouachita,LA,45.65,81.9
22075,Plaquemines,LA,53.2,82.4
22077,Pointe Coupee,LA,50.23,82.03
22079,Rapides,LA,49.23,82.13
22081,Red River,LA,46.43,81.93
22083,Richland,LA,45.65,81.9
22085,Sabine,LA,47.1,82.23
22087,St. Bernard,LA,53.2,82.4
22089,St. Charles,LA,53.2,82.4
22091,St. Helena,LA,48.6,81.45
22093,St. James,LA,53.2,82.4
22095,St. John the Baptist,LA,51.6,82.05
22097,St. Landry,LA,50.23,82.03
22099,St. Martin,LA,50.23,82.03
22101,St. Mary,LA,52.6,82.3
22103,St. Tammany,LA,50.97,81.77
22105,Tangipahoa,LA,48.23,81.23
22107,Tensas,LA,46.5,81.65
22109,Terrebonne,LA,52.6,82.3
22111,Union,LA,44.17,81.7
22113,Vermilion,LA,51.6,82.25
22115,Vernon,LA,48.8,82.25
22117,Washington,LA,49.07,81.23
22119,Webster,LA,44.1,81.47
22121,West Baton Rouge,LA,51,81.95
22123,West Carroll,LA,44.2,81.9
22125,West Feliciana,LA,48.63,81.7
22127,Winn,LA,47.33,81.93
23001,Androscoggin,ME,18.7,67.4
23003,Aroostook,ME,13.75,65.95
23005,Cumberland,ME,18.7,67.4
23007,Franklin,ME,13.75,65.95
23009,Hancock,ME,18.7,67.4
23011,Kennebec,ME,18.7,67.4
23013,Knox,ME,20.6,67.3
23015,Lincoln,ME,18.7,67.4
23017,Oxford,ME,13.87,65.4
23019,Penobscot,ME,13.75,65.95
23021,Piscataquis,ME,13.75,65.95
23023,Sagadahoc,ME,18.7,67.4
23025,Somerset,ME,13.75,65.95
23027,Waldo,ME,18.7,67.4
23029,Washington,ME,16.03,66.4
23031,York,ME,19.1,67.7
24001,Allegany,MD,28.34,71.32
24003,Anne Arundel,MD,33.73,77
24005,Baltimore,MD,31.8,75.83
24009,Calvert,MD,34.75,77.6
24011,Caroline,MD,34.4,77.45
24013,Carroll,MD,30.55,74.95
24015,Cecil,MD,31.2,75.53
24017,Charles,MD,34.07,76.73
24019,Dorchester,MD,35.55,77.55
24021,Frederick,MD,31.03,74.7
24023,Garrett,MD,28.88,70.88
24025,Harford,MD,30.23,74.8
24027,Howard,MD,33,76.7
24029,Kent,MD,32.75,76.55
24031,Montgomery,MD,32.9,76.13
24033,Prince George's,MD,33.48,76.5
24035,Queen Anne's,MD,34.4,77.45
24037,St. Mary's,MD,35.2,77.6
24039,Somerset,MD,36.1,77.5
24041,Talbot,MD,34.4,77.45
24043,Washington,MD,30.33,73.77
24045,Wicomico,MD,35.23,77.27
24047,Worcester,MD,35.35,77.1
24510,Baltimore,MD,33,76.7
25001,Barnstable,MA,28.6,71.4
25003,Berkshire,MA,21.03,68.17
25005,Bristol,MA,26.87,71.23
25007,Dukes,MA,28.6,71.4
25009,Essex,MA,24.17,70.17
25011,Franklin,MA,21.23,68.53
25013,Hampden,MA,23.72,70.05
25015,Hampshire,MA,22.65,69.45
25017,Middlesex,MA,24.17,70.17
25019,Nantucket,MA,28.6,71.4
25021,Norfolk,MA,26.87,71.23
25023,Plymouth,MA,26.3,71.1
25025,Suffolk,MA,26.3,71.1
25027,Worcester,MA,26.07,71.3
26001,Alcona,MI,18.6,67.5
26003,Alger,MI,16.4,65.4
26005,Allegan,MI,24.1,71.5
26007,Alpena,MI,18.6,67.5
26009,Antrim,MI,19.3,67.55
26011,Arenac,MI,20.5,69.03
26013,Baraga,MI,13.6,65.4
26015,Barry,MI,23.55,71.3
26017,Bay,MI,21.45,69.8
26019,Benzie,MI,20,67.6
26021,Berrien,MI,24.1,71.5
26023,Branch,MI,23.55,71.3
26025,Calhoun,MI,23.55,71.3
26027,Cass,MI,24.1,71.5
26029,Charlevoix,MI,19.3,67.55
26031,Cheboygan,MI,19.3,67.55
26033,Chippewa,MI,16.4,65.4
26035,Clare,MI,19.83,68.2
26037,Clinton,MI,21.95,70.3
26039,Crawford,MI,19.3,67.55
26041,Delta,MI,15,65.4
26043,Dickinson,MI,13.8,66.3
26045,Eaton,MI,23,71.1
26047,Emmet,MI,19.3,67.55
26049,Genesee,MI,22.77,70.9
26051,Gladwin,MI,20.5,69.03
26053,Gogebic,MI,12.95,66.1
26055,Grand Traverse,MI,20,67.6
26057,Gratiot,MI,20.9,69.5
26059,Hillsdale,MI,23.15,71.3
26061,Houghton,MI,13.6,65.4
26063,Huron,MI,22,70.1
26065,Ingham,MI,23.15,71.3
26067,Ionia,MI,22.67,70.7
26069,Iosco,MI,18.6,67.5
26071,Iron,MI,13.8,66.3
26073,Isabella,MI,20.9,69.5
26075,Jackson,MI,23.15,71.3
26077,Kalamazoo,MI,23.55,71.3
26079,Kalkaska,MI,20,67.6
26081,Kent,MI,22.4,70.03
26083,Keweenaw,MI,13.6,65.4
26085,Lake,MI,21.03,68.73
26087,Lapeer,MI,22.65,70.8
26089,Leelanau,MI,20,67.6
26091,Lenawee,MI,23.9,71.97
26093,Livingston,MI,23.15,71.3
26095,Luce,MI,16.4,65.4
26097,Mackinac,MI,16.4,65.4
26099,Macomb,MI,23.3,71.5
26101,Manistee,MI,20,67.6
26103,Marquette,MI,15,65.4
26105,Mason,MI,21.1,68.35
26107,Mecosta,MI,21.55,69.3
26109,Menominee,MI,14.67,66
26111,Midland,MI,20.9,69.5
26113,Missaukee,MI,20,67.6
26115,Monroe,MI,24.35,72.4
26117,Montcalm,MI,22.4,70.03
26119,Montmorency,MI,18.6,67.5
26121,Muskegon,MI,23.15,70.3
26123,Newaygo,MI,22.2,69.1
26125,Oakland,MI,23.3,71.5
26127,Oceana,MI,22.2,69.1
26129,Ogemaw,MI,18.6,67.5
26131,Ontonagon,MI,13.6,65.4
26133,Osceola,MI,21.03,68.73
26135,Oscoda,MI,18.6,67.5
26137,Otsego,MI,19.3,67.55
26139,Ottawa,MI,23.15,70.3
26141,Presque Isle,MI,18.6,67.5
26143,Roscommon,MI,19.3,67.55
26145,Saginaw,MI,22.07,70.37
26147,St. Clair,MI,22.65,70.8
26149,St. Joseph,MI,23.55,71.3
26151,Sanilac,MI,22,70.1
26153,Schoolcraft,MI,16.4,65.4
26155,Shiawassee,MI,21.97,70.23
26157,Tuscola,MI,22.65,70.8
26159,Van Buren,MI,24.1,71.5
26161,Washtenaw,MI,23.15,71.3
26163,Wayne,MI,23.3,71.5
26165,Wexford,MI,20,67.6
27001,Aitkin,MN,8.17,66.97
27003,Anoka,MN,11.45,70
27005,Becker,MN,8.5,69.5
27007,Beltrami,MN,6.3,67.6
27009,Benton,MN,11.45,70
27011,Big Stone,MN,11.5,70.9
27013,Blue Earth,MN,14.6,71.8
27015,Brown,MN,13.7,71.43
27017,Carlton,MN,9.87,67.33
27019,Carver,MN,11.45,70
27021,Cass,MN,9.8,68.97
27023,Chippewa,MN,11.4,70.8
27025,Chisago,MN,11.3,68.55
27027,Clay,MN,9.05,69.72
27029,Clearwater,MN,6.3,67.6
27031,Cook,MN,7,64.9
27033,Cottonwood,MN,14.6,71.7
27035,Crow Wing,MN,9.8,68.97
27037,Dakota,MN,13.42,70.68
27039,Dodge,MN,14.75,71.4
27041,Douglas,MN,11.4,70.8
27043,Faribault,MN,15.4,71.9
27045,Fillmore,MN,15.95,71.35
27047,Freeborn,MN,14.6,71.8
27049,Goodhue,MN,14.73,71.13
27051,Grant,MN,10.9,70.7
27053,Hennepin,MN,12.6,70.33
27055,Houston,MN,16.1,71.17
27057,Hubbard,MN,8.17,68.7
27059,Isanti,MN,11.45,70
27061,Itasca,MN,8.17,66.97
27063,Jackson,MN,15.75,72.1
27065,Kanabec,MN,11,69.1
27067,Kandiyohi,MN,11.4,70.8
27069,Kittson,MN,5.9,68
27071,Koochiching,MN,6.5,66.9
27073,Lac qui Parle,MN,12.57,71.3
27075,Lake,MN,7,64.9
27077,Lake of the Woods,MN,6.3,67.6
27079,Le Sueur,MN,13.25,71.35
27081,Lincoln,MN,14.65,71.85
27083,Lyon,MN,12.75,71.15
27085,McLeod,MN,11.9,70.9
27087,Mahnomen,MN,6.1,68.3
27089,Marshall,MN,6.1,67.63
27091,Martin,MN,15.57,72
27093,Meeker,MN,11.9,70.9
27095,Mille Lacs,MN,11.45,70
27097,Morrison,MN,9.8,68.97
27099,Mower,MN,15.5,71.5
27101,Murray,MN,14.6,71.6
27103,Nicollet,MN,13.25,71.35
27105,Nobles,MN,15.75,72.1
27107,Norman,MN,7.2,68.95
27109,Olmsted,MN,14.9,71
27111,Otter Tail,MN,8.5,69.5
27113,Pennington,MN,6.3,67.6
27115,Pine,MN,11.3,68.55
27117,Pipestone,MN,16,72.5
27119,Polk,MN,6.7,68.53
27121,Pope,MN,11.4,70.8
27123,Ramsey,MN,12.95,70.05
27125,Red Lake,MN,6.1,68.3
27127,Redwood,MN,13,71.25
27129,Renville,MN,13,71.25
27131,Rice,MN,14.75,71.4
27133,Rock,MN,16.73,72.67
27135,Roseau,MN,6.3,67.6
27137,St. Louis,MN,9.03,67.22
27139,Scott,MN,13.1,70.7
27141,Sherburne,MN,11.45,70
27143,Sibley,MN,13.25,71.35
27145,Stearns,MN,11.4,70.8
27147,Steele,MN,14.6,71.8
27149,Stevens,MN,10.9,70.7
27151,Swift,MN,10.9,70.7
27153,Todd,MN,9.77,69.5
27155,Traverse,MN,11.3,70.7
27157,Wabasha,MN,14.8,70.8
27159,Wadena,MN,8.85,69.2
27161,Waseca,MN,14.6,71.8
27163,Washington,MN,13.05,69.67
27165,Watonwan,MN,14.6,71.7
27167,Wilkin,MN,10.9,70.5
27169,Winona,MN,14.8,70.8
27171,Wright,MN,11.45,70
27173,Yellow Medicine,MN,13.02,71.33
28001,Adams,MS,47.23,81.83
28003,Alcorn,MS,38.57,79.1
28005,Amite,MS,47.35,81
28007,Attala,MS,43.6,80.5
28009,Benton,MS,39.8,79.9
28011,Bolivar,MS,42.8,81.67
28013,Calhoun,MS,42.17,80.28
28015,Carroll,MS,43.1,80.9
28017,Chickasaw,MS,41.53,80.2
28019,Choctaw,MS,43.6,80.5
28021,Claiborne,MS,46.5,81.65
28023,Clarke,MS,47.1,80.85
28025,Clay,MS,43.6,80.5
28027,Coahoma,MS,40.85,81.45
28029,Copiah,MS,46.27,80.83
28031,Covington,MS,47.1,80.8
28033,DeSoto,MS,40.18,80.72
28035,Forrest,MS,47.1,80.8
28037,Franklin,MS,47.2,81.2
28039,George,MS,48.2,81
28041,Greene,MS,46.7,80.8
28043,Grenada,MS,42.75,81.05
28045,Hancock,MS,49.85,81.45
28047,Harrison,MS,49.7,81.2
28049,Hinds,MS,45.13,81.17
28051,Holmes,MS,44.1,81.15
28053,Humphreys,MS,44.1,81.15
28055,Issaquena,MS,44.92,81.7
28057,Itawamba,MS,41,79.47
28059,Jackson,MS,49.7,81.2
28061,Jasper,MS,47.1,80.8
28063,Jefferson,MS,46.5,81.65
28065,Jefferson Davis,MS,47.5,80.8
28067,Jones,MS,47.1,80.8
28069,Kemper,MS,44.3,80.75
28071,Lafayette,MS,40.75,80.05
28073,Lamar,MS,47.97,80.93
28075,Lauderdale,MS,44.9,80.65
28077,Lawrence,MS,47.35,81
28079,Leake,MS,43.6,80.5
28081,Lee,MS,41.75,80.1
28083,Leflore,MS,42.75,81.05
28085,Lincoln,MS,47.35,81
28087,Lowndes,MS,42.95,80.25
28089,Madison,MS,44.1,81.15
28091,Marion,MS,47.5,80.8
28093,Marshall,MS,39.8,79.9
28095,Monroe,MS,42.1,80.07
28097,Montgomery,MS,42.6,80.45
28099,Neshoba,MS,43.1,80.5
28101,Newton,MS,44.9,80.65
28103,Noxubee,MS,43.8,80.5
28105,Oktibbeha,MS,43.6,80.5
28107,Panola,MS,41.4,80.95
28109,Pearl River,MS,48.47,81.12
28111,Perry,MS,48.2,81
28113,Pike,MS,47.35,81
28115,Pontotoc,MS,40.4,79.7
28117,Prentiss,MS,40.4,79.7
28119,Quitman,MS,41.4,80.95
28121,Rankin,MS,46.27,80.83
28123,Scott,MS,44.63,80.6
28125,Sharkey,MS,44.1,81.8
28127,Simpson,MS,46.27,80.83
28129,Smith,MS,46.1,80.7
28131,Stone,MS,48.2,81
28133,Sunflower,MS,42.9,81.65
28135,Tallahatchie,MS,42.3,81.23
28137,Tate,MS,41.4,80.95
28139,Tippah,MS,39.8,79.9
28141,Tishomingo,MS,39.2,78.8
28143,Tunica,MS,40.93,81.1
28145,Union,MS,40.75,80.05
28147,Walthall,MS,47.35,81
28149,Warren,MS,45.7,81.7
28151,Washington,MS,42.8,81.67
28153,Wayne,MS,46.7,80.8
28155,Webster,MS,42.77,80.47
28157,Wilkinson,MS,47.95,81.7
28159,Winston,MS,43.6,80.5
28161,Yalobusha,MS,41.4,80.95
28163,Yazoo,MS,45.13,81.17
29001,Adair,MO,27.5,76.8
29003,Andrew,MO,27.2,77.25
29005,Atchison,MO,25.07,76.13
29007,Audrain,MO,28.2,76.8
29009,Barry,MO,34.5,77.45
29011,Barton,MO,32.3,78.37
29013,Bates,MO,30.45,78.25
29015,Benton,MO,31,78.1
29017,Bollinger,MO,32.4,77
29019,Boone,MO,28.67,77.23
29021,Buchanan,MO,27.2,77.25
29023,Butler,MO,35.03,79.07
29025,Caldwell,MO,26.8,76.8
29027,Callaway,MO,29.6,77.45
29029,Camden,MO,32.23,77.53
29031,Cape Girardeau,MO,33.23,78.2
29033,Carroll,MO,26.8,76.8
29035,Carter,MO,32.4,77
29037,Cass,MO,30.45,78.25
29039,Cedar,MO,32.15,77.8
29041,Chariton,MO,26.8,76.8
29043,Christian,MO,33.3,77.5
29045,Clark,MO,25.65,75.95
29047,Clay,MO,27.2,77.25
29049,Clinton,MO,26.8,76.8
29051,Cole,MO,29.6,77.45
29053,Cooper,MO,28.9,77.45
29055,Crawford,MO,30.3,76.9
29057,Dade,MO,32.15,77.8
29059,Dallas,MO,32.15,77.8
29061,Daviess,MO,26.8,76.8
29063,DeKalb,MO,26.8,76.8
29065,Dent,MO,32.4,77
29067,Douglas,MO,32.85,77.25
29069,Dunklin,MO,36.35,80.1
29071,Franklin,MO,30.3,76.9
29073,Gasconade,MO,30.3,76.9
29075,Gentry,MO,26.8,76.8
29077,Greene,MO,33.3,77.5
29079,Grundy,MO,26.8,76.8
29081,Harrison,MO,24.8,75.85
29083,Henry,MO,31,78.1
29085,Hickory,MO,32.15,77.8
29087,Holt,MO,26.67,77.07
29089,Howard,MO,28.67,77.23
29091,Howell,MO,34,77.63
29093,Iron,MO,32.4,77
29095,Jackson,MO,28.82,77.75
29097,Jasper,MO,32.95,78.5
29099,Jefferson,MO,30.83,77.2
29101,Johnson,MO,28.9,77.45
29103,Knox,MO,28.2,76.8
29105,Laclede,MO,32.23,77.53
29107,Lafayette,MO,28.9,77.45
29109,Lawrence,MO,33.3,77.5
29111,Lewis,MO,28.2,76.8
29113,Lincoln,MO,28.15,76.6
29115,Linn,MO,27.5,76.8
29117,Livingston,MO,26.8,76.8
29119,McDonald,MO,34.93,78.57
29121,Macon,MO,27.5,76.8
29123,Madison,MO,32.4,77
29125,Maries,MO,30.53,77.3
29127,Marion,MO,27.1,76.23
29129,Mercer,MO,24.8,75.85
29131,Miller,MO,30.53,77.3
29133,Mississippi,MO,33.97,78.63
29135,Moniteau,MO,31,78.1
29137,Monroe,MO,28.2,76.8
29139,Montgomery,MO,28.2,76.8
29141,Morgan,MO,31,78.1
29143,New Madrid,MO,35.97,79.23
29145,Newton,MO,33.9,79.27
29147,Nodaway,MO,24.8,75.85
29149,Oregon,MO,35.33,78.6
29151,Osage,MO,30.53,77.3
29153,Ozark,MO,34.8,77.95
29155,Pemiscot,MO,36.87,79.93
29157,Perry,MO,32.15,77.4
29159,Pettis,MO,28.9,77.45
29161,Phelps,MO,30.3,76.9
29163,Pike,MO,28.15,76.6
29165,Platte,MO,27.2,77.25
29167,Polk,MO,32.15,77.8
29169,Pulaski,MO,32.23,77.53
29171,Putnam,MO,27.5,76.8
29173,Ralls,MO,28.2,76.8
29175,Randolph,MO,27.5,76.8
29177,Ray,MO,26.8,76.8
29179,Reynolds,MO,32.4,77
29181,Ripley,MO,35.03,79.07
29183,St. Charles,MO,28.15,76.6
29185,St. Clair,MO,32.15,77.8
29186,Ste. Genevieve,MO,32.15,77.4
29187,St. Francois,MO,32.4,77
29189,St. Louis,MO,29.57,76.73
29195,Saline,MO,28.9,77.45
29197,Schuyler,MO,26.03,76.23
29199,Scotland,MO,25.65,75.95
29201,Scott,MO,33.23,78.2
29203,Shannon,MO,32.4,77
29205,Shelby,MO,28.2,76.8
29207,Stoddard,MO,33.9,78.4
29209,Stone,MO,34.5,77.45
29211,Sullivan,MO,27.5,76.8
29213,Taney,MO,35.1,77.77
29215,Texas,MO,32.85,77.25
29217,Vernon,MO,31.7,78.38
29219,Warren,MO,28.2,76.8
29221,Washington,MO,30.3,76.9
29223,Wayne,MO,33.9,78.4
29225,Webster,MO,33.3,77.5
29227,Worth,MO,24.13,75.53
29229,Wright,MO,32.85,77.25
29510,St. Louis,MO,29.4,77
30001,Beaverhead,MT,21.63,63.42
30003,Big Horn,MT,22.23,68.45
30005,Blaine,MT,21.75,66
30007,Broadwater,MT,22.4,63.25
30009,Carbon,MT,20.97,63.93
30011,Carter,MT,20.93,70.93
30013,Cascade,MT,21.75,66
30015,Chouteau,MT,21.75,66
30017,Custer,MT,17.45,70.45
30019,Daniels,MT,14.6,69.6
30021,Dawson,MT,17.45,70.45
30023,Deer Lodge,MT,22.25,61.35
30025,Fallon,MT,18.4,70.55
30027,Fergus,MT,21.75,66
30029,Flathead,MT,22.33,64.57
30031,Gallatin,MT,20.77,62.63
30033,Garfield,MT,19.6,68.22
30035,Glacier,MT,21.6,64.1
30037,Golden Valley,MT,23.8,66.3
30039,Granite,MT,23.5,61.7
30041,Hill,MT,19.7,66.5
30043,Jefferson,MT,22.77,62.73
30045,Judith Basin,MT,21.75,66
30047,Lake,MT,23.5,61.7
30049,Lewis and Clark,MT,22,63.67
30051,Liberty,MT,19.7,66.5
30053,Lincoln,MT,25.1,62.55
30055,McCone,MT,17.45,70.45
30057,Madison,MT,21.4,63.35
30059,Meagher,MT,22.87,64.53
30061,Mineral,MT,23.55,61.8
30063,Missoula,MT,23.55,61.8
30065,Musselshell,MT,22.63,67.97
30067,Park,MT,21.77,63.67
30069,Petroleum,MT,19.6,68.22
30071,Phillips,MT,19.37,67.2
30073,Pondera,MT,21.6,64.1
30075,Powder River,MT,22.5,69.17
30077,Powell,MT,22.77,62.73
30079,Prairie,MT,17.45,70.45
30081,Ravalli,MT,22.7,61.53
30083,Richland,MT,17.45,70.45
30085,Roosevelt,MT,14.6,69.6
30087,Rosebud,MT,20.62,68.38
30089,Sanders,MT,24.6,62.33
30091,Sheridan,MT,14.6,69.6
30093,Silver Bow,MT,22.25,61.35
30095,Stillwater,MT,23.8,66.3
30097,Sweet Grass,MT,23.8,66.3
30099,Teton,MT,22.33,64.57
30101,Toole,MT,19.7,66.5
30103,Treasure,MT,22.05,69.2
30105,Valley,MT,17.15,68.05
30107,Wheatland,MT,23.8,66.3
30109,Wibaux,MT,17.45,70.45
30111,Yellowstone,MT,22.63,67.97
31001,Adams,NE,25.2,75.67
31003,Antelope,NE,21.6,74.1
31005,Arthur,NE,26,73.77
31007,Banner,NE,26.15,70.8
31009,Blaine,NE,24.5,73.8
31011,Boone,NE,22.8,74.9
31013,Box Butte,NE,26.5,72.6
31015,Boyd,NE,21.45,73.6
31017,Brown,NE,24.2,73.4
31019,Buffalo,NE,25.6,75.15
31021,Burt,NE,21.87,74.5
31023,Butler,NE,24,75.7
31025,Cass,NE,23.4,75.3
31027,Cedar,NE,20.15,73.95
31029,Chase,NE,27.3,75.3
31031,Cherry,NE,25.35,73
31033,Cheyenne,NE,26.45,70.4
31035,Clay,NE,24.8,76.2
31037,Colfax,NE,22.8,74.9
31039,Cuming,NE,21.6,74.1
31041,Custer,NE,25.43,74.3
31043,Dakota,NE,20.1,73.87
31045,Dawes,NE,26.5,72.6
31047,Dawson,NE,26.17,75.2
31049,Deuel,NE,27.38,72.67
31051,Dixon,NE,20.15,73.95
31053,Dodge,NE,22.8,74.9
31055,Douglas,NE,23.4,75.3
31057,Dundy,NE,28.63,75.57
31059,Fillmore,NE,24.8,76.2
31061,Franklin,NE,27.35,77.35
31063,Frontier,NE,26.85,75.7
31065,Furnas,NE,27.85,76.45
31067,Gage,NE,26.38,77.17
31069,Garden,NE,26,73.77
31071,Garfield,NE,24.5,73.8
31073,Gosper,NE,26.17,75.2
31075,Grant,NE,25.35,73
31077,Greeley,NE,23.47,74.67
31079,Hall,NE,25.07,75.33
31081,Hamilton,NE,24,75.7
31083,Harlan,NE,27.35,77.35
31085,Hayes,NE,27.3,75.3
31087,Hitchcock,NE,28.3,76.05
31089,Holt,NE,22.9,73.75
31091,Hooker,NE,24.2,73.4
31093,Howard,NE,24.4,74.95
31095,Jefferson,NE,26.95,77.65
31097,Johnson,NE,25.6,76.7
31099,Kearney,NE,25.6,75.15
31101,Keith,NE,27.3,75.3
31103,Keya Paha,NE,24.2,73.4
31105,Kimball,NE,26.23,69.93
31107,Knox,NE,21.5,73.77
31109,Lancaster,NE,24.8,76.2
31111,Lincoln,NE,25.43,74.3
31113,Logan,NE,25.43,74.3
31115,Loup,NE,24.5,73.8
31117,McPherson,NE,25.75,74.35
31119,Madison,NE,22.8,74.9
31121,Merrick,NE,24,75.7
31123,Morrill,NE,26.5,72.6
31125,Nance,NE,22.8,74.9
31127,Nemaha,NE,26.2,76.75
31129,Nuckolls,NE,26.95,77.65
31131,Otoe,NE,24.8,76.02
31133,Pawnee,NE,26.6,77.2
31135,Perkins,NE,27.3,75.3
31137,Phelps,NE,25.6,75.15
31139,Pierce,NE,21.6,74.1
31141,Platte,NE,24,75.7
31143,Polk,NE,24,75.7
31145,Red Willow,NE,27.67,76.07
31147,Richardson,NE,26.67,77.07
31149,Rock,NE,24.2,73.4
31151,Saline,NE,24.8,76.2
31153,Sarpy,NE,23.4,75.3
31155,Saunders,NE,24,75.7
31157,Scotts Bluff,NE,26.15,70.8
31159,Seward,NE,24.8,76.2
31161,Sheridan,NE,25.35,73
31163,Sherman,NE,24.8,74.2
31165,Sioux,NE,25.05,71.62
31167,Stanton,NE,22.8,74.9
31169,Thayer,NE,26.95,77.65
31171,Thomas,NE,24.2,73.4
31173,Thurston,NE,20.8,73.9
31175,Valley,NE,24.8,74.2
31177,Washington,NE,22.1,74.6
31179,Wayne,NE,21.6,74.1
31181,Webster,NE,26.77,77.13
31183,Wheeler,NE,23.53,73.9
31185,York,NE,24.8,76.2
32001,Churchill,NV,30.43,71.73
32003,Clark,NV,41.13,81.67
32005,Douglas,NV,30.5,68.7
32007,Elko,NV,26.23,69.72
32009,Esmeralda,NV,40.55,79.95
32011,Eureka,NV,30.05,71.45
32013,Humboldt,NV,29.22,69.32
32015,Lander,NV,30.43,71.73
32017,Lincoln,NV,36.43,78.45
32019,Lyon,NV,32.2,73.3
32021,Mineral,NV,35.53,74.33
32023,Nye,NV,38.45,78.85
32027,Pershing,NV,29.05,70.45
32029,Storey,NV,31.2,72.3
32031,Washoe,NV,31.2,72.3
32033,White Pine,NV,29.4,72.73
32510,Carson City,NV,31.2,72.3
33001,Belknap,NH,19.9,68.3
33003,Carroll,NH,16.93,66.7
33005,Cheshire,NH,20.77,68.6
33007,Coos,NH,15.2,65.96
33009,Grafton,NH,16.73,66.15
33011,Hillsborough,NH,21.95,69.55
33013,Merrimack,NH,17,66.3
33015,Rockingham,NH,24.17,70.17
33017,Strafford,NH,19.1,67.7
33019,Sullivan,NH,19.15,67.5
34001,Atlantic,NJ,32.85,75.5
34003,Bergen,NJ,25.75,72
34005,Burlington,NJ,30.95,75.1
34007,Camden,NJ,30.95,75.1
34009,Cape May,NJ,32.85,75.5
34011,Cumberland,NJ,32.3,75.7
34013,Essex,NJ,27.9,72.8
34015,Gloucester,NJ,31.4,75.5
34017,Hudson,NJ,25.75,72
34019,Hunterdon,NJ,29.93,74.33
34021,Mercer,NJ,29.93,74.33
34023,Middlesex,NJ,30.1,74.25
34025,Monmouth,NJ,32.85,75.5
34027,Morris,NJ,27.9,72.8
34029,Ocean,NJ,32.85,75.5
34031,Passaic,NJ,27.9,72.8
34033,Salem,NJ,32.3,76
34035,Somerset,NJ,30.1,74.25
34037,Sussex,NJ,25.7,70.85
34039,Union,NJ,30.47,74.13
34041,Warren,NJ,26.83,71.9
35001,Bernalillo,NM,34.47,71.23
35003,Catron,NM,36.56,74.4
35005,Chaves,NM,37.95,75.3
35006,Cibola,NM,32.92,72.25
35007,Colfax,NM,32.25,71.25
35009,Curry,NM,37.5,77.45
35011,De Baca,NM,38.15,76.7
35013,Dona Ana,NM,41.63,78.23
35015,Eddy,NM,40.95,77.95
35017,Grant,NM,40.23,75.7
35019,Guadalupe,NM,36.7,74.33
35021,Harding,NM,32.25,71.25
35023,Hidalgo,NM,44.3,79.55
35025,Lea,NM,40.23,78.25
35027,Lincoln,NM,38.3,75.4
35028,Los Alamos,NM,28.4,66.8
35029,Luna,NM,36.9,73.1
35031,McKinley,NM,30.65,69.92
35033,Mora,NM,32.25,71.25
35035,Otero,NM,39.78,76.4
35037,Quay,NM,38.4,77.53
35039,Rio Arriba,NM,28.8,69.2
35041,Roosevelt,NM,38.4,77.53
35043,Sandoval,NM,32.2,70.42
35045,San Juan,NM,28.3,69.97
35047,San Miguel,NM,34.62,72.45
35049,Santa Fe,NM,31.1,68.2
35051,Sierra,NM,37.1,74.1
35053,Socorro,NM,36.27,72.97
35055,Taos,NM,28.4,66.8
35057,Torrance,NM,35.65,72.85
35059,Union,NM,33.64,74.6
35061,Valencia,NM,34.47,71.23
36001,Albany,NY,22.5,69.5
36003,Allegany,NY,23.03,68.37
36005,Bronx,NY,23.6,71.2
36007,Broome,NY,22.53,68.3
36009,Cattaraugus,NY,22.57,68.77
36011,Cayuga,NY,22.27,68.9
36013,Chautauqua,NY,22.9,68.47
36015,Chemung,NY,22.2,68.17
36017,Chenango,NY,21.4,67.8
36019,Clinton,NY,16.17,66.82
36021,Columbia,NY,22.77,69.67
36023,Cortland,NY,22.15,68.55
36025,Delaware,NY,22.45,68.35
36027,Dutchess,NY,24.4,70.83
36029,Erie,NY,22.57,68.77
36031,Essex,NY,16.37,66.4
36033,Franklin,NY,15.77,66.73
36035,Fulton,NY,17.45,66.65
36037,Genesee,NY,22.7,69.45
36039,Greene,NY,22.5,69.5
36041,Hamilton,NY,17.45,66.65
36043,Herkimer,NY,18.77,67.03
36045,Jefferson,NY,18.85,67.2
36047,Kings,NY,31.2,73.9
36049,Lewis,NY,19.13,67.63
36051,Livingston,NY,22.57,68.77
36053,Madison,NY,21.62,68.8
36055,Monroe,NY,22.7,69.45
36057,Montgomery,NY,20.55,68.15
36059,Nassau,NY,31.2,73.9
36061,New York,NY,23.6,71.2
36063,Niagara,NY,22.5,69.6
36065,Oneida,NY,19.7,67.67
36067,Onondaga,NY,22.27,68.9
36069,Ontario,NY,22.7,69.45
36071,Orange,NY,24.1,70.18
36073,Orleans,NY,22.5,69.6
36075,Oswego,NY,20.34,68
36077,Otsego,NY,20.55,68.15
36079,Putnam,NY,24.9,71.4
36081,Queens,NY,31.2,73.9
36083,Rensselaer,NY,20.18,68.28
36085,Richmond,NY,31.75,74.8
36087,Rockland,NY,25.75,72
36089,St. Lawrence,NY,17.77,67.5
36091,Saratoga,NY,19.5,68.17
36093,Schenectady,NY,21.57,69.17
36095,Schoharie,NY,20.55,68.15
36097,Schuyler,NY,22.6,68.35
36099,Seneca,NY,22.7,69.45
36101,Steuben,NY,22.95,68.32
36103,Suffolk,NY,31.2,73.9
36105,Sullivan,NY,22.45,68.35
36107,Tioga,NY,22.2,68.17
36109,Tompkins,NY,22.2,68.17
36111,Ulster,NY,22.5,69.5
36113,Warren,NY,18.43,67.77
36115,Washington,NY,19.17,68.53
36117,Wayne,NY,22.5,69.6
36119,Westchester,NY,26.65,72.12
36121,Wyoming,NY,22.7,69.45
36123,Yates,NY,22.6,68.35
37001,Alamance,NC,38.8,77.85
37003,Alexander,NC,37.1,75.4
37005,Alleghany,NC,33.85,72.15
37007,Anson,NC,40.7,79
37009,Ashe,NC,34.77,73.33
37011,Avery,NC,35.67,73.4
37013,Beaufort,NC,41.65,79.2
37015,Bertie,NC,40.6,78.8
37017,Bladen,NC,43.3,79.9
37019,Brunswick,NC,43.95,80.3
37021,Buncombe,NC,35.5,71.7
37023,Burke,NC,37.6,75.38
37025,Cabarrus,NC,40,78.5
37027,Caldwell,NC,36.57,74.17
37029,Camden,NC,39.35,78.65
37031,Carteret,NC,43,79.75
37033,Caswell,NC,37.05,76.65
37035,Catawba,NC,40,78.5
37037,Chatham,NC,40.4,78.65
37039,Cherokee,NC,36.05,73.7
37041,Chowan,NC,40.6,78.8
37043,Clay,NC,38.55,75.05
37045,Cleveland,NC,41.4,79.4
37047,Columbus,NC,43.3,79.9
37049,Craven,NC,42.7,79.6
37051,Cumberland,NC,43.3,79.9
37053,Currituck,NC,39.35,78.65
37055,Dare,NC,41.65,79.2
37057,Davidson,NC,39.43,78.23
37059,Davie,NC,38.8,77.85
37061,Duplin,NC,43,79.75
37063,Durham,NC,38.8,77.85
37065,Edgecombe,NC,41.65,79.2
37067,Forsyth,NC,37.5,76.17
37069,Franklin,NC,39.4,78.17
37071,Gaston,NC,40.7,79
37073,Gates,NC,39.35,78.65
37075,Graham,NC,36.05,73.7
37077,Granville,NC,37.45,77.15
37079,Greene,NC,42.7,79.6
37081,Guilford,NC,38.8,77.85
37083,Halifax,NC,39.45,78.25
37085,Harnett,NC,41.5,79.12
37087,Haywood,NC,36.05,73.7
37089,Henderson,NC,37.7,74.05
37091,Hertford,NC,39.35,78.65
37093,Hoke,NC,42,79.45
37095,Hyde,NC,41.65,79.2
37097,Iredell,NC,40,78.5
37099,Jackson,NC,37.7,74.05
37101,Johnston,NC,42.2,79.43
37103,Jones,NC,43,79.75
37105,Lee,NC,41.1,78.97
37107,Lenoir,NC,43,79.75
37109,Lincoln,NC,40,78.5
37111,McDowell,NC,35.2,72.25
37113,Macon,NC,39,75.5
37115,Madison,NC,36.05,73.7
37117,Martin,NC,41.65,79.2
37119,Mecklenburg,NC,40.67,78.97
37121,Mitchell,NC,35.67,73.4
37123,Montgomery,NC,40,78.5
37125,Moore,NC,41.1,78.97
37127,Nash,NC,40.53,78.7
37129,New Hanover,NC,43.3,79.9
37131,Northampton,NC,38.35,78.08
37133,Onslow,NC,43,79.75
37135,Orange,NC,38.8,77.85
37137,Pamlico,NC,42.7,79.6
37139,Pasquotank,NC,40.6,78.8
37141,Pender,NC,43.3,79.9
37143,Perquimans,NC,40.6,78.8
37145,Person,NC,37.05,76.65
37147,Pitt,NC,41.65,79.2
37149,Polk,NC,38.97,75.8
37151,Randolph,NC,39.43,78.23
37153,Richmond,NC,42,79.45
37155,Robeson,NC,43.3,79.9
37157,Rockingham,NC,37.05,76.65
37159,Rowan,NC,40,78.5
37161,Rutherford,NC,38.1,75.35
37163,Sampson,NC,43,79.75
37165,Scotland,NC,42,79.45
37167,Stanly,NC,40,78.5
37169,Stokes,NC,36.33,75.37
37171,Surry,NC,35.45,74.4
37173,Swain,NC,36.05,73.7
37175,Transylvania,NC,37.7,74.05
37177,Tyrrell,NC,41.65,79.2
37179,Union,NC,42.43,79.87
37181,Vance,NC,37.35,77.5
37183,Wake,NC,40.84,78.8
37185,Warren,NC,38.43,77.93
37187,Washington,NC,41.65,79.2
37189,Watauga,NC,35.75,74.25
37191,Wayne,NC,43,79.75
37193,Wilkes,NC,37.1,75.4
37195,Wilson,NC,41.65,79.2
37197,Yadkin,NC,37.5,76.17
37199,Yancey,NC,36.05,73.7
38001,Adams,ND,18.05,70.8
38003,Barnes,ND,9.5,69.6
38005,Benson,ND,6.6,67.75
38007,Billings,ND,14.8,69.65
38009,Bottineau,ND,8.75,67.9
38011,Bowman,ND,18.8,70.97
38013,Burke,ND,10,68
38015,Burleigh,ND,11.9,69.53
38017,Cass,ND,8.43,69.4
38019,Cavalier,ND,5.7,67.7
38021,Dickey,ND,11.5,70.7
38023,Divide,ND,12.3,68.8
38025,Dunn,ND,13.2,69.1
38027,Eddy,ND,7.5,68.13
38029,Emmons,ND,12.15,70.33
38031,Foster,ND,9.3,68.9
38033,Golden Valley,ND,16.63,70.2
38035,Grand Forks,ND,5.9,68
38037,Grant,ND,14.9,70
38039,Griggs,ND,7.77,68.73
38041,Hettinger,ND,14.9,70
38043,Kidder,ND,11.3,69.55
38045,LaMoure,ND,9.5,69.6
38047,Logan,ND,11.17,69.8
38049,McHenry,ND,8.75,67.9
38051,McIntosh,ND,12.7,71.1
38053,McKenzie,ND,14.5,69.6
38055,McLean,ND,10.64,68.88
38057,Mercer,ND,14.8,69.65
38059,Morton,ND,14.3,69.83
38061,Mountrail,ND,11.55,68.75
38063,Nelson,ND,7.5,68.13
38065,Oliver,ND,13.2,69.85
38067,Pembina,ND,5.9,68
38069,Pierce,ND,7.5,67.8
38071,Ramsey,ND,6.6,67.75
38073,Ransom,ND,9.6,69.95
38075,Renville,ND,8.75,67.9
38077,Richland,ND,9.05,69.72
38079,Rolette,ND,6.6,67.75
38081,Sargent,ND,11.5,70.7
38083,Sheridan,ND,10.8,69.1
38085,Sioux,ND,16.12,70.93
38087,Slope,ND,18.4,70.55
38089,Stark,ND,14.8,69.65
38091,Steele,ND,7,68.65
38093,Stutsman,ND,8.8,69.25
38095,Towner,ND,6.6,67.75
38097,Traill,ND,6.7,68.53
38099,Walsh,ND,5.9,68
38101,Ward,ND,8.75,67.9
38103,Wells,ND,8.4,68.35
38105,Williams,ND,12.57,69.03
39001,Adams,OH,31.55,74.7
39003,Allen,OH,25.9,73.25
39005,Ashland,OH,26.1,71.4
39007,Ashtabula,OH,25.9,71.2
39009,Athens,OH,30.1,73.37
39011,Auglaize,OH,25.9,73.25
39013,Belmont,OH,28.8,72.53
39015,Brown,OH,30.8,74.67
39017,Butler,OH,29.2,74.3
39019,Carroll,OH,27.1,71.7
39021,Champaign,OH,27,73.25
39023,Clark,OH,27.73,73.6
39025,Clermont,OH,30.7,74.9
39027,Clinton,OH,28.4,73.8
39029,Columbiana,OH,28.6,72.4
39031,Coshocton,OH,27.53,72.03
39033,Crawford,OH,26.63,72.57
39035,Cuyahoga,OH,25.95,72
39037,Darke,OH,27.8,73.75
39039,Defiance,OH,25.4,73.3
39041,Delaware,OH,26.95,72.45
39043,Erie,OH,26,72.8
39045,Fairfield,OH,28.4,73.05
39047,Fayette,OH,29.27,73.93
39049,Franklin,OH,27.6,73.3
39051,Fulton,OH,23.9,71.97
39053,Gallia,OH,32.05,74.4
39055,Geauga,OH,25.9,71.2
39057,Greene,OH,27.73,73.6
39059,Guernsey,OH,28.15,72.25
39061,Hamilton,OH,30.7,74.9
39063,Hancock,OH,25.93,73.1
39065,Hardin,OH,26.67,73.1
39067,Harrison,OH,28.15,72.25
39069,Henry,OH,25.4,73.3
39071,Highland,OH,30.1,74.25
39073,Hocking,OH,28.4,73.05
39075,Holmes,OH,26.7,71.65
39077,Huron,OH,26.15,72.2
39079,Jackson,OH,30.1,73.5
39081,Jefferson,OH,28.8,72.53
39083,Knox,OH,26.95,72.45
39085,Lake,OH,25.9,71.2
39087,Lawrence,OH,32.63,74.53
39089,Licking,OH,27.7,72.57
39091,Logan,OH,27,73.25
39093,Lorain,OH,26.07,71.87
39095,Lucas,OH,25.7,73.05
39097,Madison,OH,27.73,73.6
39099,Mahoning,OH,26.5,71.45
39101,Marion,OH,26.67,73.1
39103,Medina,OH,26.07,71.87
39105,Meigs,OH,31.4,73.97
39107,Mercer,OH,25.9,73.25
39109,Miami,OH,27.8,73.75
39111,Monroe,OH,29.65,72.95
39113,Montgomery,OH,27.8,73.75
39115,Morgan,OH,29.2,72.8
39117,Morrow,OH,26.63,72.57
39119,Muskingum,OH,29.2,72.8
39121,Noble,OH,29.2,72.8
39123,Ottawa,OH,25.7,73.05
39125,Paulding,OH,25.4,73.3
39127,Perry,OH,28.4,73.05
39129,Pickaway,OH,29.27,73.43
39131,Pike,OH,31,74.2
39133,Portage,OH,26.5,71.45
39135,Preble,OH,27.8,73.75
39137,Putnam,OH,25.4,73.3
39139,Richland,OH,26.95,72.45
39141,Ross,OH,29.25,73.65
39143,Sandusky,OH,26,72.8
39145,Scioto,OH,32.4,74.5
39147,Seneca,OH,26,72.8
39149,Shelby,OH,26.4,73.2
39151,Stark,OH,26.5,71.45
39153,Summit,OH,26.43,71.5
39155,Trumbull,OH,26.5,71.45
39157,Tuscarawas,OH,27.53,72.03
39159,Union,OH,27,73.25
39161,Van Wert,OH,25.9,73.25
39163,Vinton,OH,30.1,73.5
39165,Warren,OH,29.2,74.3
39167,Washington,OH,29.65,72.95
39169,Wayne,OH,26.43,71.5
39171,Williams,OH,24.2,72.2
39173,Wood,OH,25.7,73.05
39175,Wyandot,OH,26.35,73.15
40001,Adair,OK,37.2,79.75
40003,Alfalfa,OK,33.8,81.05
40005,Atoka,OK,39.93,81.37
40007,Beaver,OK,36.9,79.25
40009,Beckham,OK,37,81.8
4001,Apache,AZ,39.9,77.1
40011,Blaine,OK,36.63,81.83
40013,Bryan,OK,42.1,82.07
40015,Caddo,OK,38.07,82.3
40017,Canadian,OK,38.07,82.3
40019,Carter,OK,40.8,82.5
40021,Cherokee,OK,37.2,81
40023,Choctaw,OK,43.45,82.2
40025,Cimarron,OK,36.9,79.25
40027,Cleveland,OK,37.8,81.9
40029,Coal,OK,39.7,81.85
4003,Cochise,AZ,44.3,79.55
40031,Comanche,OK,39.33,82.53
40033,Cotton,OK,41.95,82.92
40035,Craig,OK,34.2,80.15
40037,Creek,OK,37.4,81.3
40039,Custer,OK,38.2,82.5
40041,Delaware,OK,34.93,78.57
40043,Dewey,OK,35.67,80.97
40045,Ellis,OK,36.48,80.52
40047,Garfield,OK,35.1,81.8
40049,Garvin,OK,39.3,82.2
4005,Coconino,AZ,40.83,78.78
40051,Grady,OK,37.8,81.9
40053,Grant,OK,33.8,81.05
40055,Greer,OK,38.2,82.5
40057,Harmon,OK,39.63,82.57
40059,Harper,OK,35,80.55
40061,Haskell,OK,39.5,80.8
40063,Hughes,OK,38.2,81.55
40065,Jackson,OK,40.95,82.95
40067,Jefferson,OK,41.77,83
40069,Johnston,OK,40.8,82.5
4007,Gila,AZ,43.66,80.34
40071,Kay,OK,34,80.6
40073,Kingfisher,OK,36.63,81.83
40075,Kiowa,OK,38.2,82.5
40077,Latimer,OK,39.5,80.8
40079,Le Flore,OK,39.23,80.4
40081,Lincoln,OK,37.8,81.9
40083,Logan,OK,36.45,81.85
40085,Love,OK,42.95,82.9
40087,McClain,OK,39.3,82.2
40089,McCurtain,OK,42.18,80.83
4009,Graham,AZ,43.8,80.65
40091,McIntosh,OK,38.6,81.2
40093,Major,OK,36.05,81.8
40095,Marshall,OK,42.95,82.9
40097,Mayes,OK,37.2,81
40099,Murray,OK,40.8,82.5
40101,Muskogee,OK,37.2,81
40103,Noble,OK,35.45,81.3
40105,Nowata,OK,34.2,80.15
40107,Okfuskee,OK,38.2,81.55
40109,Oklahoma,OK,37.8,81.9
4011,Greenlee,AZ,39.9,77.1
40111,Okmulgee,OK,37.4,81.3
40113,Osage,OK,34.5,80.7
40115,Ottawa,OK,34.2,80.15
40117,Pawnee,OK,36.23,81.5
40119,Payne,OK,36.23,81.5
4012,La Paz,AZ,48.44,85.96
40121,Pittsburg,OK,39.93,81.37
40123,Pontotoc,OK,39.07,81.87
40125,Pottawatomie,OK,39.3,82.2
40127,Pushmataha,OK,39.93,81.37
40129,Roger Mills,OK,38.33,80.75
4013,Maricopa,AZ,46.17,82.5
40131,Rogers,OK,35.8,80.8
40133,Seminole,OK,39.07,81.87
40135,Sequoyah,OK,39.23,80.4
40137,Stephens,OK,39.33,82.53
40139,Texas,OK,35.4,79.13
40141,Tillman,OK,40.95,82.95
40143,Tulsa,OK,36.8,81.35
40145,Wagoner,OK,37.2,81
40147,Washington,OK,34.2,80.15
40149,Washita,OK,38.2,82.5
4015,Mohave,AZ,44.73,83.42
40151,Woods,OK,35,80.55
40153,Woodward,OK,35,80.55
4017,Navajo,AZ,31.4,75.3
4019,Pima,AZ,49.7,85.2
4021,Pinal,AZ,47.43,83.1
4023,Santa Cruz,AZ,46.9,80.9
4025,Yavapai,AZ,42.85,80.2
4027,Yuma,AZ,50.4,86.95
41001,Baker,OR,26.73,65.63
41003,Benton,OR,41.3,64
41005,Clackamas,OR,36.03,65.07
41007,Clatsop,OR,40.9,61.2
41009,Columbia,OR,40,63.3
41011,Coos,OR,40.55,64.55
41013,Crook,OR,30,65.6
41015,Curry,OR,40.6,65.57
41017,Deschutes,OR,31.17,62.97
41019,Douglas,OR,37.65,64.15
41021,Gilliam,OR,31.83,68.63
41023,Grant,OR,28.87,66.87
41025,Harney,OR,30,69.57
41027,Hood River,OR,32.87,62.8
41029,Jackson,OR,34.67,65.45
41031,Jefferson,OR,32.63,65.13
41033,Josephine,OR,40.6,65.57
41035,Klamath,OR,34.67,65.45
41037,Lake,OR,33.52,67.48
41039,Lane,OR,35.8,63.9
41041,Lincoln,OR,41.3,64
41043,Linn,OR,34.8,64.07
41045,Malheur,OR,29.23,69.33
41047,Marion,OR,34.53,65.2
41049,Morrow,OR,30.82,67.52
41051,Multnomah,OR,36.38,64.27
41053,Polk,OR,41.3,64
41055,Sherman,OR,32.75,70.15
41057,Tillamook,OR,41.3,64
41059,Umatilla,OR,31.25,68.17
41061,Union,OR,27.8,64.2
41063,Wallowa,OR,28.6,65.72
41065,Wasco,OR,32.43,66.78
41067,Washington,OR,41.3,64
41069,Wheeler,OR,31.85,67.1
41071,Yamhill,OR,41.3,64
42001,Adams,PA,29.4,74.1
42003,Allegheny,PA,27.3,70.8
42005,Armstrong,PA,25.6,69.6
42007,Beaver,PA,28.17,71.87
42009,Bedford,PA,27.35,70.95
42011,Berks,PA,27.95,72.95
42013,Blair,PA,26,70.1
42015,Bradford,PA,22.13,67.8
42017,Bucks,PA,29.02,73.6
42019,Butler,PA,25.6,69.6
42021,Cambria,PA,26.43,70.33
42023,Cameron,PA,24.25,68.75
42025,Carbon,PA,24.9,70.15
42027,Centre,PA,26.1,70.6
42029,Chester,PA,30.65,75.15
42031,Clarion,PA,25.6,69.6
42033,Clearfield,PA,25.8,69.85
42035,Clinton,PA,25.45,70.35
42037,Columbia,PA,24.17,69.57
42039,Crawford,PA,24.9,69.8
42041,Cumberland,PA,28.43,73.4
42043,Dauphin,PA,27.9,72.9
42045,Delaware,PA,31.4,75.5
42047,Elk,PA,24.25,68.75
42049,Erie,PA,24.1,69.73
42051,Fayette,PA,27.33,69.23
42053,Forest,PA,24.25,68.75
42055,Franklin,PA,29.02,73.3
42057,Fulton,PA,28.4,72.6
42059,Greene,PA,29.37,72.2
42061,Huntingdon,PA,26.93,71.47
42063,Indiana,PA,26.2,70.1
42065,Jefferson,PA,25.27,69.43
42067,Juniata,PA,26.85,71.35
42069,Lackawanna,PA,23.1,68.55
42071,Lancaster,PA,30.23,74.8
42073,Lawrence,PA,26.1,70.3
42075,Lebanon,PA,27.4,72.5
42077,Lehigh,PA,27.95,72.95
42079,Luzerne,PA,24.7,70.03
42081,Lycoming,PA,24.38,69.33
42083,McKean,PA,23.6,68.3
42085,Mercer,PA,26.05,70.53
42087,Mifflin,PA,26.1,70.6
42089,Monroe,PA,25.9,71.03
42091,Montgomery,PA,29.6,74.5
42093,Montour,PA,26.3,71.6
42095,Northampton,PA,25.9,71.03
42097,Northumberland,PA,26.3,71.5
42099,Perry,PA,28.43,73.4
42101,Philadelphia,PA,30.95,75.1
42103,Pike,PA,24.27,69.83
42105,Potter,PA,23.73,68.57
42107,Schuylkill,PA,26.43,71.6
42109,Snyder,PA,26.3,71.6
42111,Somerset,PA,27.8,70.97
42113,Sullivan,PA,24.5,69.9
42115,Susquehanna,PA,22.53,68.3
42117,Tioga,PA,23.8,68.9
42119,Union,PA,25.45,70.35
42121,Venango,PA,23.9,68.4
42123,Warren,PA,22.9,68.47
42125,Washington,PA,28.7,71.95
42127,Wayne,PA,22.53,68.3
42129,Westmoreland,PA,27.35,70.95
42131,Wyoming,PA,23.1,68.55
42133,York,PA,30.23,74.8
44001,Bristol,RI,28,71.5
44003,Kent,RI,27.1,71.55
44005,Newport,RI,28.3,71.45
44007,Providence,RI,26.87,71.23
44009,Washington,RI,27.7,72
45001,Abbeville,SC,42.23,79.5
45003,Aiken,SC,45.58,81.12
45005,Allendale,SC,46.9,81.35
45007,Anderson,SC,42.23,79.5
45009,Bamberg,SC,46.1,81.25
45011,Barnwell,SC,46.23,81.23
45013,Beaufort,SC,47.3,81.5
45015,Berkeley,SC,45.6,81.07
45017,Calhoun,SC,44.9,81
45019,Charleston,SC,45.95,81.1
45021,Cherokee,SC,39.92,77.47
45023,Chester,SC,41.75,79.6
45025,Chesterfield,SC,42.43,79.87
45027,Clarendon,SC,45.6,81.07
45029,Colleton,SC,47.3,81.5
45031,Darlington,SC,44.75,80.85
45033,Dillon,SC,43.95,80.3
45035,Dorchester,SC,46.1,81.25
45037,Edgefield,SC,45.05,81
45039,Fairfield,SC,43.5,80.57
45041,Florence,SC,44.75,80.85
45043,Georgetown,SC,45.95,81.1
45045,Greenville,SC,40.12,77.05
45047,Greenwood,SC,42.55,80.05
45049,Hampton,SC,46.9,81.35
45051,Horry,SC,43.95,80.3
45053,Jasper,SC,48,81.57
45055,Kershaw,SC,43.83,80.53
45057,Lancaster,SC,42.43,79.87
45059,Laurens,SC,42.55,80.05
45061,Lee,SC,43.83,80.53
45063,Lexington,SC,44.25,80.9
45065,McCormick,SC,43.9,80.13
45067,Marion,SC,44.6,80.7
45069,Marlboro,SC,42.87,79.87
45071,Newberry,SC,43,80.25
45073,Oconee,SC,41,78.03
45075,Orangeburg,SC,46.1,81.25
45077,Pickens,SC,38.97,75.8
45079,Richland,SC,43.45,80.45
45081,Saluda,SC,44.25,80.9
45083,Spartanburg,SC,38.5,75.5
45085,Sumter,SC,43.83,80.53
45087,Union,SC,42.37,80
45089,Williamsburg,SC,45.6,81.07
45091,York,SC,41.4,79.4
46003,Aurora,SD,18.7,73.8
46005,Beadle,SD,14.7,72.1
46007,Bennett,SD,24.53,73.53
46009,Bon Homme,SD,20.15,73.95
46011,Brookings,SD,14.7,72.1
46013,Brown,SD,12.1,71.1
46015,Brule,SD,19,73.9
46017,Buffalo,SD,17.57,73.3
46019,Butte,SD,21.9,70.3
46021,Campbell,SD,13.1,70.8
46023,Charles Mix,SD,21.4,73.92
46025,Clark,SD,13.4,71.6
46027,Clay,SD,20.15,73.95
46029,Codington,SD,13.4,71.6
46031,Corson,SD,17.35,71.85
46033,Custer,SD,24.23,71.1
46035,Davison,SD,18.7,73.8
46037,Day,SD,12.1,71.1
46039,Deuel,SD,14.7,72.1
46041,Dewey,SD,18,72.57
46043,Douglas,SD,18.7,73.8
46045,Edmunds,SD,13.6,71.5
46047,Fall River,SD,24.8,71.47
46049,Faulk,SD,15.3,72.28
46051,Grant,SD,12.57,71.3
46053,Gregory,SD,21.35,73.88
46055,Haakon,SD,21.03,73.2
46057,Hamlin,SD,14.7,72.1
46059,Hand,SD,17,73.05
46061,Hanson,SD,18.7,73.8
46063,Harding,SD,19.95,71.55
46065,Hughes,SD,19.3,74
46067,Hutchinson,SD,18.7,73.8
46069,Hyde,SD,19.3,74
46071,Jackson,SD,22.23,74.03
46073,Jerauld,SD,16.7,72.95
46075,Jones,SD,21.25,74.15
46077,Kingsbury,SD,14.7,72.1
46079,Lake,SD,16.7,72.95
46081,Lawrence,SD,22.88,70.92
46083,Lincoln,SD,17.8,73.2
46085,Lyman,SD,21.25,74.15
46087,McCook,SD,18.7,73.8
46089,McPherson,SD,12.7,71.1
46091,Marshall,SD,11.5,70.7
46093,Meade,SD,22.87,71.33
46095,Mellette,SD,21.25,74.15
46097,Miner,SD,16.7,72.95
46099,Minnehaha,SD,17.8,73.2
46101,Moody,SD,16.7,72.95
46103,Pennington,SD,23.9,70.75
46105,Perkins,SD,19.6,71.8
46107,Potter,SD,17.2,72.95
46109,Roberts,SD,11.3,70.7
46111,Sanborn,SD,16.7,72.95
46113,Shannon,SD,25.35,73.2
46115,Spink,SD,13.4,71.6
46117,Stanley,SD,19.3,74
46119,Sully,SD,19.3,74
46121,Todd,SD,23.7,73.85
46123,Tripp,SD,22.23,73.9
46125,Turner,SD,18.7,73.8
46127,Union,SD,19.3,73.55
46129,Walworth,SD,15.1,71.9
46135,Yankton,SD,20.15,73.95
46137,Ziebach,SD,21.03,73.2
47001,Anderson,TN,36.3,75.45
47003,Bedford,TN,36.7,76.6
47005,Benton,TN,37.65,78.8
47007,Bledsoe,TN,36.3,75.45
47009,Blount,TN,36.05,73.7
47011,Bradley,TN,36.6,75.7
47013,Campbell,TN,35.47,75.23
47015,Cannon,TN,36.7,76.6
47017,Carroll,TN,37.65,78.8
47019,Carter,TN,35.67,73.4
47021,Cheatham,TN,37.4,78
47023,Chester,TN,37.9,79.6
47025,Claiborne,TN,34.4,74
47027,Clay,TN,35.87,76.6
47029,Cocke,TN,36.05,73.7
47031,Coffee,TN,36.7,76.6
47033,Crockett,TN,37.9,79.6
47035,Cumberland,TN,36.3,75.45
47037,Davidson,TN,37.4,78
47039,Decatur,TN,37.65,78.8
47041,DeKalb,TN,36.7,76.6
47043,Dickson,TN,37.4,78
47045,Dyer,TN,36.87,79.93
47047,Fayette,TN,37.9,79.6
47049,Fentress,TN,36,75.2
47051,Franklin,TN,36.7,76.6
47053,Gibson,TN,37.9,79.6
47055,Giles,TN,37.4,78
47057,Grainger,TN,36.6,75.7
47059,Greene,TN,36.05,73.7
47061,Grundy,TN,36,75.2
47063,Hamblen,TN,36.6,75.7
47065,Hamilton,TN,36.3,75.45
47067,Hancock,TN,34.7,73.6
47069,Hardeman,TN,37.9,79.6
47071,Hardin,TN,37.65,78.8
47073,Hawkins,TN,36.6,75.7
47075,Haywood,TN,37.9,79.6
47077,Henderson,TN,37.65,78.8
47079,Henry,TN,37.65,78.8
47081,Hickman,TN,37.4,78
47083,Houston,TN,37.4,78
47085,Humphreys,TN,37.4,78
47087,Jackson,TN,36.7,76.6
47089,Jefferson,TN,36.6,75.7
47091,Johnson,TN,34.77,73.33
47093,Knox,TN,36.6,75.7
47095,Lake,TN,35.97,79.23
47097,Lauderdale,TN,37.6,80
47099,Lawrence,TN,37.4,78
47101,Lewis,TN,37.4,78
47103,Lincoln,TN,36.7,76.6
47105,Loudon,TN,36.6,75.7
47107,McMinn,TN,36.6,75.7
47109,McNairy,TN,37.9,79.6
47111,Macon,TN,35.8,77.3
47113,Madison,TN,37.9,79.6
47115,Marion,TN,36.3,75.45
47117,Marshall,TN,37.4,78
47119,Maury,TN,37.4,78
47121,Meigs,TN,36.6,75.7
47123,Monroe,TN,36.05,73.7
47125,Montgomery,TN,36,78.15
47127,Moore,TN,36.7,76.6
47129,Morgan,TN,36.3,75.45
47131,Obion,TN,37.9,79.6
47133,Overton,TN,36.7,76.6
47135,Perry,TN,37.4,78
47137,Pickett,TN,35.35,76.15
47139,Polk,TN,36.05,73.7
47141,Putnam,TN,36.7,76.6
47143,Rhea,TN,36.3,75.45
47145,Roane,TN,36.3,75.45
47147,Robertson,TN,36,78.15
47149,Rutherford,TN,36.7,76.6
47151,Scott,TN,35.47,75.23
47153,Sequatchie,TN,36,75.2
47155,Sevier,TN,36.05,73.7
47157,Shelby,TN,38.4,80.47
47159,Smith,TN,36.7,76.6
47161,Stewart,TN,36.63,78.63
47163,Sullivan,TN,34.7,73.6
47165,Sumner,TN,35.4,77.63
47167,Tipton,TN,37.6,80
47169,Trousdale,TN,37.4,78
47171,Unicoi,TN,36.05,73.7
47173,Union,TN,36.6,75.7
47175,Van Buren,TN,36,75.2
47177,Warren,TN,36.7,76.6
47179,Washington,TN,36.6,75.7
47181,Wayne,TN,37.4,78
47183,Weakley,TN,37.9,79.6
47185,White,TN,36.7,76.6
47187,Williamson,TN,37.4,78
47189,Wilson,TN,37.4,78
48001,Anderson,TX,47.5,82.6
48003,Andrews,TX,42.3,79.8
48005,Angelina,TX,47.5,82.6
48007,Aransas,TX,52.8,83.4
48009,Archer,TX,43.8,83
48011,Armstrong,TX,40.7,80.95
48013,Atascosa,TX,53.9,84.55
48015,Austin,TX,51.03,83.13
48017,Bailey,TX,38.9,79.2
48019,Bandera,TX,49.85,82.9
48021,Bastrop,TX,48.75,83.5
48023,Baylor,TX,43.8,83
48025,Bee,TX,53.9,84.55
48027,Bell,TX,46.2,82.7
48029,Bexar,TX,51.7,83.73
48031,Blanco,TX,49.85,82.9
48033,Borden,TX,40.7,80.95
48035,Bosque,TX,45.1,83.3
48037,Bowie,TX,43.33,81.23
48039,Brazoria,TX,53.2,83.1
48041,Brazos,TX,49.95,83.15
48043,Brewster,TX,45.7,80.4
48045,Briscoe,TX,40.7,80.95
48047,Brooks,TX,53.9,84.55
48049,Brown,TX,44.97,82.7
48051,Burleson,TX,48.33,83.2
48053,Burnet,TX,48.27,83.03
48055,Caldwell,TX,52.4,83.7
48057,Calhoun,TX,52.8,83.4
48059,Callahan,TX,43.8,83
48061,Cameron,TX,59.9,85.4
48063,Camp,TX,47.5,82.6
48065,Carson,TX,38.9,79.2
48067,Cass,TX,45.2,81.83
48069,Castro,TX,38.9,79.2
48071,Chambers,TX,53.2,83.1
48073,Cherokee,TX,47.5,82.6
48075,Childress,TX,40.95,82.95
48077,Clay,TX,41.77,83
48079,Cochran,TX,38.9,79.2
48081,Coke,TX,44.9,82.4
48083,Coleman,TX,44.97,82.7
48085,Collin,TX,45.1,83.3
48087,Collingsworth,TX,39.63,82.57
48089,Colorado,TX,52.8,83.4
48091,Comal,TX,49.85,82.9
48093,Comanche,TX,45.1,83.3
48095,Concho,TX,44.9,82.4
48097,Cooke,TX,42.95,82.9
48099,Coryell,TX,45.1,83.3
48101,Cottle,TX,42.5,82.7
48103,Crane,TX,46.5,81.25
48105,Crockett,TX,46.5,81.25
48107,Crosby,TX,40.7,80.95
48109,Culberson,TX,42.53,78.77
48111,Dallam,TX,38.9,79.2
48113,Dallas,TX,45.1,83.3
48115,Dawson,TX,40.7,80.95
48117,Deaf Smith,TX,38.9,79.2
48119,Delta,TX,46.3,82.95
48121,Denton,TX,45.1,83.3
48123,DeWitt,TX,52.4,83.7
48125,Dickens,TX,40.7,80.95
48127,Dimmit,TX,55.4,85.4
48129,Donley,TX,40.7,80.95
48131,Duval,TX,55.4,85.4
48133,Eastland,TX,45.1,83.3
48135,Ector,TX,45.7,80.4
48137,Edwards,TX,47.3,82.1
48139,Ellis,TX,46.3,82.95
48141,El Paso,TX,43.7,79.3
48143,Erath,TX,45.1,83.3
48145,Falls,TX,45.1,83.3
48147,Fannin,TX,42.95,82.9
48149,Fayette,TX,52.4,83.7
48151,Fisher,TX,42.5,82.7
48153,Floyd,TX,38.9,79.2
48155,Foard,TX,42.5,82.7
48157,Fort Bend,TX,51.03,83.13
48159,Franklin,TX,47.5,82.6
48161,Freestone,TX,46.3,82.95
48163,Frio,TX,53.9,84.55
48165,Gaines,TX,38.9,79.2
48167,Galveston,TX,53.2,83.1
48169,Garza,TX,40.7,80.95
48171,Gillespie,TX,47.3,82.1
48173,Glasscock,TX,38.9,79.2
48175,Goliad,TX,52.8,83.4
48177,Gonzales,TX,52.4,83.7
48179,Gray,TX,40.7,80.95
48181,Grayson,TX,42.95,82.9
48183,Gregg,TX,47.5,82.6
48185,Grimes,TX,49.95,83.15
48187,Guadalupe,TX,52.4,83.7
48189,Hale,TX,38.9,79.2
48191,Hall,TX,40.7,80.95
48193,Hamilton,TX,45.1,83.3
48195,Hansford,TX,38.9,79.2
48197,Hardeman,TX,40.95,82.95
48199,Hardin,TX,50.35,82.85
48201,Harris,TX,50.35,82.85
48203,Harrison,TX,46.75,82.4
48205,Hartley,TX,38.9,79.2
48207,Haskell,TX,43.8,83
48209,Hays,TX,49.85,82.9
48211,Hemphill,TX,38.33,80.75
48213,Henderson,TX,46.3,82.95
48215,Hidalgo,TX,57.65,85.4
48217,Hill,TX,45.1,83.3
48219,Hockley,TX,38.9,79.2
48221,Hood,TX,45.1,83.3
48223,Hopkins,TX,46.3,82.95
48225,Houston,TX,47.5,82.6
48227,Howard,TX,40.7,80.95
48229,Hudspeth,TX,43.7,79.3
48231,Hunt,TX,46.3,82.95
48233,Hutchinson,TX,38.9,79.2
48235,Irion,TX,47.3,82.1
48237,Jack,TX,45.1,83.3
48239,Jackson,TX,52.8,83.4
48241,Jasper,TX,47.5,82.6
48243,Jeff Davis,TX,45.7,80.4
48245,Jefferson,TX,50.35,82.85
48247,Jim Hogg,TX,55.4,85.4
48249,Jim Wells,TX,55.4,85.4
48251,Johnson,TX,45.1,83.3
48253,Jones,TX,43.8,83
48255,Karnes,TX,53.9,84.55
48257,Kaufman,TX,46.3,82.95
48259,Kendall,TX,49.85,82.9
48261,Kenedy,TX,55.9,84.83
48263,Kent,TX,42.5,82.7
48265,Kerr,TX,47.3,82.1
48267,Kimble,TX,47.3,82.1
48269,King,TX,42.5,82.7
48271,Kinney,TX,51.35,83.75
48273,Kleberg,TX,53.9,84.55
48275,Knox,TX,42.5,82.7
48277,Lamar,TX,43.45,82.2
48279,Lamb,TX,38.9,79.2
48281,Lampasas,TX,46.2,82.7
48283,La Salle,TX,55.4,85.4
48285,Lavaca,TX,52.8,83.4
48287,Lee,TX,48.75,83.5
48289,Leon,TX,46.3,82.95
48291,Liberty,TX,50.35,82.85
48293,Limestone,TX,46.3,82.95
48295,Lipscomb,TX,36.9,79.25
48297,Live Oak,TX,53.9,84.55
48299,Llano,TX,47.3,82.1
48301,Loving,TX,42.95,79.05
48303,Lubbock,TX,38.9,79.2
48305,Lynn,TX,40.7,80.95
48307,McCulloch,TX,44.97,82.7
48309,McLennan,TX,45.1,83.3
48311,McMullen,TX,55.4,85.4
48313,Madison,TX,47.5,82.6
48315,Marion,TX,46.75,82.4
48317,Martin,TX,38.9,79.2
48319,Mason,TX,47.3,82.1
48321,Matagorda,TX,53.2,83.1
48323,Maverick,TX,51.35,83.75
48325,Medina,TX,49.85,82.9
48327,Menard,TX,47.3,82.1
48329,Midland,TX,42.3,79.8
48331,Milam,TX,46.3,82.95
48333,Mills,TX,46.2,82.7
48335,Mitchell,TX,42.9,81.33
48337,Montague,TX,42.95,82.9
48339,Montgomery,TX,50.35,82.85
48341,Moore,TX,38.9,79.2
48343,Morris,TX,47.5,82.6
48345,Motley,TX,40.7,80.95
48347,Nacogdoches,TX,47.5,82.6
48349,Navarro,TX,46.3,82.95
48351,Newton,TX,49.92,82.47
48353,Nolan,TX,42.5,82.7
48355,Nueces,TX,53.9,84.55
48357,Ochiltree,TX,38.9,79.2
48359,Oldham,TX,38.9,79.2
48361,Orange,TX,50.63,82.67
48363,Palo Pinto,TX,45.1,83.3
48365,Panola,TX,46.75,82.4
48367,Parker,TX,45.1,83.3
48369,Parmer,TX,38.9,79.2
48371,Pecos,TX,46.5,81.25
48373,Polk,TX,50.35,82.85
48375,Potter,TX,38.9,79.2
48377,Presidio,TX,45.7,80.4
48379,Rains,TX,46.3,82.95
48381,Randall,TX,38.9,79.2
48383,Reagan,TX,43.1,80.65
48385,Real,TX,47.3,82.1
48387,Red River,TX,43.95,81.5
48389,Reeves,TX,42.95,79.05
48391,Refugio,TX,52.8,83.4
48393,Roberts,TX,38.9,79.2
48395,Robertson,TX,46.3,82.95
48397,Rockwall,TX,45.1,83.3
48399,Runnels,TX,44.9,82.4
48401,Rusk,TX,47.5,82.6
48403,Sabine,TX,47.65,82.25
48405,San Augustine,TX,47.5,82.6
48407,San Jacinto,TX,50.35,82.85
48409,San Patricio,TX,53.9,84.55
48411,San Saba,TX,46.2,82.7
48413,Schleicher,TX,47.3,82.1
48415,Scurry,TX,40.7,80.95
48417,Shackelford,TX,43.8,83
48419,Shelby,TX,47.1,82.23
48421,Sherman,TX,38.9,79.2
48423,Smith,TX,47.5,82.6
48425,Somervell,TX,45.1,83.3
48427,Starr,TX,55.4,85.4
48429,Stephens,TX,45.1,83.3
48431,Sterling,TX,42.9,81.33
48433,Stonewall,TX,42.5,82.7
48435,Sutton,TX,47.3,82.1
48437,Swisher,TX,38.9,79.2
48439,Tarrant,TX,45.1,83.3
48441,Taylor,TX,43.8,83
48443,Terrell,TX,46.5,81.25
48445,Terry,TX,38.9,79.2
48447,Throckmorton,TX,43.8,83
48449,Titus,TX,47.5,82.6
48451,Tom Green,TX,44.9,82.4
48453,Travis,TX,48.27,83.03
48455,Trinity,TX,47.5,82.6
48457,Tyler,TX,47.5,82.6
48459,Upshur,TX,47.5,82.6
48461,Upton,TX,43.97,80.57
48463,Uvalde,TX,49.85,82.9
48465,Val Verde,TX,46.5,81.25
48467,Van Zandt,TX,46.3,82.95
48469,Victoria,TX,52.8,83.4
48471,Walker,TX,47.5,82.6
48473,Waller,TX,51.03,83.13
48475,Ward,TX,45.7,80.4
48477,Washington,TX,49.95,83.15
48479,Webb,TX,55.4,85.4
48481,Wharton,TX,52.8,83.4
48483,Wheeler,TX,39.47,81.23
48485,Wichita,TX,42.33,83.07
48487,Wilbarger,TX,40.95,82.95
48489,Willacy,TX,57.65,85.4
48491,Williamson,TX,48.27,83.03
48493,Wilson,TX,53.9,84.55
48495,Winkler,TX,42.95,79.05
48497,Wise,TX,45.1,83.3
48499,Wood,TX,47.5,82.6
48501,Yoakum,TX,38.9,79.2
48503,Young,TX,45.1,83.3
48505,Zapata,TX,55.4,85.4
48507,Zavala,TX,51.7,83.73
49001,Beaver,UT,27.95,72.3
49003,Box Elder,UT,24.6,69.48
49005,Cache,UT,23.43,67.53
49007,Carbon,UT,25.23,70.45
49009,Daggett,UT,20.93,64.13
49011,Davis,UT,25.53,70.73
49013,Duchesne,UT,21.6,67.6
49015,Emery,UT,25.23,70.45
49017,Garfield,UT,28.85,73.3
49019,Grand,UT,24.67,71.3
49021,Iron,UT,29.7,72.97
49023,Juab,UT,27.5,72.63
49025,Kane,UT,35.04,77.1
49027,Millard,UT,27.95,72.3
49029,Morgan,UT,21.9,63.6
49031,Piute,UT,27.8,69.3
49033,Rich,UT,21.85,64.65
49035,Salt Lake,UT,24.25,68.45
49037,San Juan,UT,28.53,71.87
49039,Sanpete,UT,25.43,68.73
49041,Sevier,UT,27.8,69.3
49043,Summit,UT,20,63.7
49045,Tooele,UT,27.35,74.3
49047,Uintah,UT,23.98,69.38
49049,Utah,UT,24.25,68.45
49051,Wasatch,UT,21.9,63.6
49053,Washington,UT,34.74,76.9
49055,Wayne,UT,28.85,73.3
49057,Weber,UT,25.53,70.73
50001,Addison,VT,16.13,66.57
50003,Bennington,VT,19.8,68.33
50005,Caledonia,VT,14.3,64.8
50007,Chittenden,VT,16.13,66.57
50009,Essex,VT,14.3,64.8
5001,Arkansas,AR,41.3,81.55
50011,Franklin,VT,15.95,66.2
50013,Grand Isle,VT,16.95,67.2
50015,Lamoille,VT,15.95,66.2
50017,Orange,VT,16.73,66.15
50019,Orleans,VT,14.5,65.3
50021,Rutland,VT,18.08,67.52
50023,Washington,VT,15.95,66.2
50025,Windham,VT,19.92,68.22
50027,Windsor,VT,17.55,66.85
5003,Ashley,AR,42.7,81.5
5005,Baxter,AR,36.3,78.4
5007,Benton,AR,35.75,79.1
5009,Boone,AR,36,77.9
5011,Bradley,AR,42.7,81.5
5013,Calhoun,AR,42.8,81.3
5015,Carroll,AR,35.7,77.4
5017,Chicot,AR,42.8,81.67
5019,Clark,AR,41.77,80.97
5021,Clay,AR,36.35,80.1
5023,Cleburne,AR,36.8,79.4
5025,Cleveland,AR,41.93,81.3
5027,Columbia,AR,42.45,81
5029,Conway,AR,38.47,79.63
5031,Craighead,AR,37.3,80.4
5033,Crawford,AR,37.2,78.5
5035,Crittenden,AR,39.6,80.66
5037,Cross,AR,38.65,80.9
5039,Dallas,AR,41.6,81.1
5041,Desha,AR,41.43,81.53
5043,Drew,AR,42.7,81.5
5045,Faulkner,AR,38.5,80.28
5047,Franklin,AR,37.2,78.5
5049,Fulton,AR,36.3,78.4
5051,Garland,AR,39.55,80.25
5053,Grant,AR,41.93,81.3
5055,Greene,AR,36.35,80.1
5057,Hempstead,AR,42.45,81
5059,Hot Spring,AR,41.6,81.1
5061,Howard,AR,40.4,80.15
5063,Independence,AR,36.8,79.4
5065,Izard,AR,36.8,79.4
5067,Jackson,AR,38.65,80.9
5069,Jefferson,AR,41,81.33
5071,Johnson,AR,37.2,78.5
5073,Lafayette,AR,42.45,81
5075,Lawrence,AR,36.8,79.4
5077,Lee,AR,40.85,81.45
5079,Lincoln,AR,41.8,81.47
5081,Little River,AR,44.8,81.65
5083,Logan,AR,38.7,79.6
5085,Lonoke,AR,40.07,81.1
5087,Madison,AR,37.2,78.5
5089,Marion,AR,36,77.9
5091,Miller,AR,42.1,80.7
5093,Mississippi,AR,37.6,80
5095,Monroe,AR,40,81.4
5097,Montgomery,AR,40.4,80.4
5099,Nevada,AR,42.45,81
51001,Accomack,VA,37.1,78
51003,Albemarle,VA,34.8,75.13
51005,Alleghany,VA,32.05,72.05
51007,Amelia,VA,36.4,77.3
51009,Amherst,VA,34,74.05
5101,Newton,AR,36,77.9
51011,Appomattox,VA,36.1,76.45
51013,Arlington,VA,33.5,76.3
51015,Augusta,VA,32.83,73.6
51017,Bath,VA,30.87,70.97
51019,Bedford,VA,34,74.05
51021,Bland,VA,32.35,71.55
51023,Botetourt,VA,34,74.05
51025,Brunswick,VA,37.25,77.9
51027,Buchanan,VA,32.35,71.55
51029,Buckingham,VA,36.1,76.45
5103,Ouachita,AR,42.8,81.3
51031,Campbell,VA,35.8,75.6
51033,Caroline,VA,37.25,77.9
51035,Carroll,VA,34.5,73.3
51036,Charles City,VA,37.25,77.9
51037,Charlotte,VA,36.1,76.45
51041,Chesterfield,VA,37.25,77.9
51043,Clarke,VA,31.6,73.85
51045,Craig,VA,32.3,71.87
51047,Culpeper,VA,35.73,76.93
51049,Cumberland,VA,36.4,77.3
5105,Perry,AR,39.55,80.25
51051,Dickenson,VA,32.8,71.5
51053,Dinwiddie,VA,37.25,77.9
51057,Essex,VA,37.25,77.9
51059,Fairfax,VA,33.48,76.5
51061,Fauquier,VA,35.4,76.75
51063,Floyd,VA,33.6,73.2
51065,Fluvanna,VA,36.1,76.45
51067,Franklin,VA,33.6,73.2
51069,Frederick,VA,31.6,73.85
5107,Phillips,AR,40.85,81.45
51071,Giles,VA,32.3,71.87
51073,Gloucester,VA,38.1,78.5
51075,Goochland,VA,36.4,77.3
51077,Grayson,VA,34.77,73.33
51079,Greene,VA,33.57,74.37
51081,Greensville,VA,37.25,77.9
51083,Halifax,VA,36.1,76.45
51085,Hanover,VA,37.25,77.9
51087,Henrico,VA,37.25,77.9
51089,Henry,VA,35.8,75.6
5109,Pike,AR,42.45,81
51091,Highland,VA,30.4,71.33
51093,Isle of Wight,VA,38.1,78.5
51095,James City,VA,38.1,78.5
51097,King and Queen,VA,37.25,77.9
51099,King George,VA,37.25,77.9
51101,King William,VA,37.25,77.9
51103,Lancaster,VA,38.1,78.5
51105,Lee,VA,34.4,74
51107,Loudoun,VA,31.63,74.5
51109,Louisa,VA,34.97,75.97
5111,Poinsett,AR,38.65,80.9
51111,Lunenburg,VA,36.1,76.45
51113,Madison,VA,32.7,75
51115,Mathews,VA,38.1,78.5
51117,Mecklenburg,VA,36.83,76.87
51119,Middlesex,VA,38.1,78.5
51121,Montgomery,VA,32.5,72
51125,Nelson,VA,34.8,75.13
51127,New Kent,VA,37.25,77.9
5113,Polk,AR,40.4,80.15
51131,Northampton,VA,38.1,78.5
51133,Northumberland,VA,38.1,78.5
51135,Nottoway,VA,36.4,77.3
51137,Orange,VA,34.97,75.97
51139,Page,VA,32.45,73.75
51141,Patrick,VA,34.5,73.3
51143,Pittsylvania,VA,35.8,75.6
51145,Powhatan,VA,36.4,77.3
51147,Prince Edward,VA,36.1,76.45
51149,Prince George,VA,37.25,77.9
5115,Pope,AR,37.77,79.08
51153,Prince William,VA,35.4,76.75
51155,Pulaski,VA,32.8,71.5
51157,Rappahannock,VA,32.7,75
51159,Richmond,VA,38.1,78.5
51161,Roanoke,VA,33.6,73.2
51163,Rockbridge,VA,34,74.05
51165,Rockingham,VA,32.8,73.95
51167,Russell,VA,32.8,71.5
51169,Scott,VA,34.7,73.6
5117,Prairie,AR,38.65,80.9
51171,Shenandoah,VA,31.6,73.85
51173,Smyth,VA,32.8,71.5
51175,Southampton,VA,38.1,78.5
51177,Spotsylvania,VA,35.73,76.93
51179,Stafford,VA,35.73,76.93
51181,Surry,VA,38.1,78.5
51183,Sussex,VA,37.25,77.9
51185,Tazewell,VA,32.35,71.55
51187,Warren,VA,32.7,75
5119,Pulaski,AR,40.2,81.15
51191,Washington,VA,34.7,73.6
51193,Westmoreland,VA,38.1,78.5
51195,Wise,VA,33.3,73.15
51197,Wythe,VA,32.8,71.5
51199,York,VA,38.1,78.5
5121,Randolph,AR,36.8,79.4
5123,St. Francis,AR,40,81.4
5125,Saline,AR,40.4,80.9
5127,Scott,AR,40.4,80.15
5129,Searcy,AR,36,77.9
5131,Sebastian,AR,38.7,79.6
5133,Sevier,AR,40.4,80.15
5135,Sharp,AR,36.8,79.4
5137,Stone,AR,36.8,79.4
5139,Union,AR,42.7,81.5
5141,Van Buren,AR,37.5,79
5143,Washington,AR,37.2,78.5
5145,White,AR,37.87,80.07
5147,Woodruff,AR,38.65,80.9
5149,Yell,AR,39.55,80.25
51510,Alexandria,VA,33.5,76.3
51515,Bedford,VA,35.8,75.6
51520,Bristol,VA,32.8,71.5
51530,Buena Vista,VA,32.2,72.5
51540,Charlottesville,VA,35.8,75.6
51550,Chesapeake,VA,38.1,78.5
51570,Colonial Heights,VA,37.25,77.9
51580,Covington,VA,32.2,72.5
51590,Danville,VA,35.8,75.6
51595,Emporia,VA,38.1,78.5
51600,Fairfax,VA,32.7,75
51610,Falls Church,VA,32.7,75
51620,Franklin,VA,38.1,78.5
51630,Fredericksburg,VA,37.25,77.9
51640,Galax,VA,32.8,71.5
51650,Hampton,VA,38.1,78.5
51660,Harrisonburg,VA,32.2,72.5
51670,Hopewell,VA,37.25,77.9
51678,Lexington,VA,32.2,72.5
51680,Lynchburg,VA,35.8,75.6
51683,Manassas,VA,32.7,75
51685,Manassas Park,VA,32.7,75
51690,Martinsville,VA,35.8,75.6
51700,Newport News,VA,38.1,78.5
51710,Norfolk,VA,38.1,78.5
51720,Norton,VA,32.8,71.5
51730,Petersburg,VA,37.25,77.9
51735,Poquoson,VA,38.1,78.5
51740,Portsmouth,VA,38.1,78.5
51750,Radford,VA,32.8,71.5
51760,Richmond,VA,36.4,77.3
51770,Roanoke,VA,32.2,72.5
51775,Salem,VA,32.2,72.5
51790,Staunton,VA,32.2,72.5
51800,Suffolk,VA,38.1,78.5
51810,Virginia Beach,VA,38.1,78.5
51820,Waynesboro,VA,32.2,72.5
51830,Williamsburg,VA,38.1,78.5
51840,Winchester,VA,32.7,75
53001,Adams,WA,30.2,69.63
53003,Asotin,WA,30.27,67
53005,Benton,WA,32.75,70.15
53007,Chelan,WA,29.15,65.08
53009,Clallam,WA,39.42,61.77
53011,Clark,WA,36.1,61.97
53013,Columbia,WA,30.43,68.03
53015,Cowlitz,WA,36.1,61.97
53017,Douglas,WA,29.45,70.35
53019,Ferry,WA,26.3,66.95
53021,Franklin,WA,31.8,71.7
53023,Garfield,WA,31.7,68.2
53025,Grant,WA,29.45,70.35
53027,Grays Harbor,WA,38.4,60.85
53029,Island,WA,40.6,61.7
53031,Jefferson,WA,39.42,61.77
53033,King,WA,33.85,61.3
53035,Kitsap,WA,38.85,62.8
53037,Kittitas,WA,29.83,63.77
53039,Klickitat,WA,30.8,64.97
53041,Lewis,WA,33.85,61.3
53043,Lincoln,WA,28.13,68.53
53045,Mason,WA,38.4,60.85
53047,Okanogan,WA,27.58,63.38
53049,Pacific,WA,38.4,60.85
53051,Pend Oreille,WA,26.1,64.15
53053,Pierce,WA,33.85,61.3
53055,San Juan,WA,40.6,61.7
53057,Skagit,WA,35.2,61.38
53059,Skamania,WA,33.87,62.78
53061,Snohomish,WA,35.2,61.38
53063,Spokane,WA,27.75,66.38
53065,Stevens,WA,25.5,64.9
53067,Thurston,WA,38.85,62.8
53069,Wahkiakum,WA,39.85,62.43
53071,Walla Walla,WA,31.75,69.95
53073,Whatcom,WA,33.85,61.3
53075,Whitman,WA,30.48,69.38
53077,Yakima,WA,29.83,63.77
54001,Barbour,WV,29.6,70.75
54003,Berkeley,WV,30.4,73.3
54005,Boone,WV,32.5,73.1
54007,Braxton,WV,30.77,72.03
54009,Brooke,WV,28.6,72.4
54011,Cabell,WV,32.05,74.4
54013,Calhoun,WV,31.3,73.47
54015,Clay,WV,30.77,72.03
54017,Doddridge,WV,30.7,72.7
54019,Fayette,WV,30.8,71.7
54021,Gilmer,WV,30.7,72.7
54023,Grant,WV,28.4,69.87
54025,Greenbrier,WV,30.87,70.97
54027,Hampshire,WV,31.17,73.87
54029,Hancock,WV,28.6,72.4
54031,Hardy,WV,31.8,73.4
54033,Harrison,WV,30.7,72.7
54035,Jackson,WV,31.4,73.97
54037,Jefferson,WV,31.17,73.87
54039,Kanawha,WV,33.1,74.6
54041,Lewis,WV,29.6,70.75
54043,Lincoln,WV,33.1,74.6
54045,Logan,WV,33.1,74.6
54047,McDowell,WV,32.6,72.57
54049,Marion,WV,30.4,72.9
54051,Marshall,WV,29.65,72.95
54053,Mason,WV,32.05,74.4
54055,Mercer,WV,31.07,70.63
54057,Mineral,WV,28.88,70.88
54059,Mingo,WV,32.9,73.12
54061,Monongalia,WV,29.15,71.35
54063,Monroe,WV,32.3,71.87
54065,Morgan,WV,31.17,73.87
54067,Nicholas,WV,30.77,72.03
54069,Ohio,WV,28.8,72.53
54071,Pendleton,WV,30.4,71.33
54073,Pleasants,WV,30,72.87
54075,Pocahontas,WV,30.87,70.97
54077,Preston,WV,28.83,70.77
54079,Putnam,WV,33.1,74.6
54081,Raleigh,WV,31.17,71.67
54083,Randolph,WV,29.6,70.75
54085,Ritchie,WV,30.4,72.9
54087,Roane,WV,31.3,73.47
54089,Summers,WV,30.2,70.2
54091,Taylor,WV,30.7,72.7
54093,Tucker,WV,29.6,70.75
54095,Tyler,WV,30,72.87
54097,Upshur,WV,29.6,70.75
54099,Wayne,WV,33.45,74.7
54101,Webster,WV,29.6,70.75
54103,Wetzel,WV,29.32,72.35
54105,Wirt,WV,31.6,73.85
54107,Wood,WV,30.85,73.67
54109,Wyoming,WV,32.5,73.1
55001,Adams,WI,16.1,69.9
55003,Ashland,WI,11.95,67.4
55005,Barron,WI,11.6,68
55007,Bayfield,WI,11.95,67.4
55009,Brown,WI,15.9,68.3
55011,Buffalo,WI,14.8,70.8
55013,Burnett,WI,11.3,68.55
55015,Calumet,WI,17.8,69.4
55017,Chippewa,WI,12.87,68.47
55019,Clark,WI,13.67,68.83
55021,Columbia,WI,17.57,70.93
55023,Crawford,WI,17.4,71.55
55025,Dane,WI,18.3,71.45
55027,Dodge,WI,18.23,70.5
55029,Door,WI,17.8,69.4
55031,Douglas,WI,9.3,66.45
55033,Dunn,WI,13.15,69.3
55035,Eau Claire,WI,14.7,70.6
55037,Florence,WI,13.8,66.3
55039,Fond du Lac,WI,18.3,70.45
55041,Forest,WI,13.3,66.47
55043,Grant,WI,18.73,72.17
55045,Green,WI,19.33,72.1
55047,Green Lake,WI,17.57,70.27
55049,Iowa,WI,18.3,71.45
55051,Iron,WI,12.95,66.1
55053,Jackson,WI,14.37,69.1
55055,Jefferson,WI,19.5,71.35
55057,Juneau,WI,16.2,70.63
55059,Kenosha,WI,21.4,72.3
55061,Kewaunee,WI,17.8,69.4
55063,La Crosse,WI,15.8,71
55065,Lafayette,WI,19.33,72.1
55067,Langlade,WI,13.15,67
55069,Lincoln,WI,13.15,67
55071,Manitowoc,WI,17.8,69.4
55073,Marathon,WI,14.13,67.97
55075,Marinette,WI,13.8,66.3
55077,Marquette,WI,16.1,69.9
55078,Menominee,WI,14,67.2
55079,Milwaukee,WI,20.2,71.2
55081,Monroe,WI,16.2,70.63
55083,Oconto,WI,15.9,68.3
55085,Oneida,WI,13.15,67
55087,Outagamie,WI,15.97,68.83
55089,Ozaukee,WI,19,70.3
55091,Pepin,WI,14.8,70.8
55093,Pierce,WI,14.8,70.8
55095,Polk,WI,11.3,68.55
55097,Portage,WI,16.1,69.9
55099,Price,WI,11.95,67.4
55101,Racine,WI,20.2,71.2
55103,Richland,WI,17.8,71.4
55105,Rock,WI,20.75,72.38
55107,Rusk,WI,11.95,67.4
55109,St. Croix,WI,12.43,69.23
55111,Sauk,WI,17.57,70.93
55113,Sawyer,WI,11.95,67.4
55115,Shawano,WI,15.97,68.83
55117,Sheboygan,WI,17.8,69.4
55119,Taylor,WI,11.95,67.4
55121,Trempealeau,WI,14.7,70.6
55123,Vernon,WI,16.1,71.17
55125,Vilas,WI,13.3,66.47
55127,Walworth,WI,21.4,72.3
55129,Washburn,WI,11.6,68
55131,Washington,WI,19,70.3
55133,Waukesha,WI,19.5,71.35
55135,Waupaca,WI,15.97,68.83
55137,Waushara,WI,16.95,69.65
55139,Winnebago,WI,16.95,69.65
55141,Wood,WI,16.1,69.9
56001,Albany,WY,24.37,67.53
56003,Big Horn,WY,21.57,65.22
56005,Campbell,WY,22.57,70.3
56007,Carbon,WY,20.6,64.73
56009,Converse,WY,23.45,68.65
56011,Crook,WY,22.57,70.3
56013,Fremont,WY,19.17,62.9
56015,Goshen,WY,25.8,69
56017,Hot Springs,WY,20.9,65.85
56019,Johnson,WY,22.83,68.83
56021,Laramie,WY,26.23,69.93
56023,Lincoln,WY,19.58,62.8
56025,Natrona,WY,22.38,67.04
56027,Niobrara,WY,24.75,70.05
56029,Park,WY,19,62.05
56031,Platte,WY,25.8,69
56033,Sheridan,WY,22.23,68.45
56035,Sublette,WY,18.98,63.18
56037,Sweetwater,WY,20.93,64.45
56039,Teton,WY,18.52,61.5
56041,Uinta,WY,20,63.7
56043,Washakie,WY,21.73,66.93
56045,Weston,WY,23.3,70.4
6001,Alameda,CA,45.55,72.2
6003,Alpine,CA,35.98,71.08
6005,Amador,CA,41.45,73.45
6007,Butte,CA,40.1,72.2
6009,Calaveras,CA,42.8,74.7
6011,Colusa,CA,40.4,69.9
6013,Contra Costa,CA,43.93,70.67
6015,Del Norte,CA,40.7,67.6
6017,El Dorado,CA,35.98,71.08
6019,Fresno,CA,46.33,76.67
6021,Glenn,CA,40.4,69.9
6023,Humboldt,CA,40.7,67.6
6025,Imperial,CA,51.1,88.7
6027,Inyo,CA,45.5,82.4
6029,Kern,CA,47.2,77.57
6031,Kings,CA,42.8,74.7
6033,Lake,CA,40.4,69.9
6035,Lassen,CA,33.7,69.87
6037,Los Angeles,CA,47.2,77.57
6039,Madera,CA,40.17,75.13
6041,Marin,CA,40.7,67.6
6043,Mariposa,CA,42.8,74.7
6045,Mendocino,CA,40.4,69.9
6047,Merced,CA,42.8,74.7
6049,Modoc,CA,35.45,69.3
6051,Mono,CA,36.98,74.4
6053,Monterey,CA,45.55,72.2
6055,Napa,CA,40.4,69.9
6057,Nevada,CA,33.7,69.87
6059,Orange,CA,50.9,72.4
6061,Placer,CA,33.7,69.87
6063,Plumas,CA,34.95,68.65
6065,Riverside,CA,51.03,83.27
6067,Sacramento,CA,41.45,73.45
6069,San Benito,CA,45.55,72.2
6071,San Bernardino,CA,48.66,84.1
6073,San Diego,CA,49.4,79
6075,San Francisco,CA,48.3,69.7
6077,San Joaquin,CA,45.55,72.2
6079,San Luis Obispo,CA,47.33,72.27
6081,San Mateo,CA,48.3,69.7
6083,Santa Barbara,CA,46.85,73.55
6085,Santa Clara,CA,45.55,72.2
6087,Santa Cruz,CA,48.3,69.7
6089,Shasta,CA,40.4,69.9
6091,Sierra,CA,33.7,69.87
6093,Siskiyou,CA,40.4,69.9
6095,Solano,CA,41.2,71.5
6097,Sonoma,CA,40.7,67.6
6099,Stanislaus,CA,45.55,72.2
6101,Sutter,CA,40.1,72.2
6103,Tehama,CA,40.4,69.9
6105,Trinity,CA,40.4,69.9
6107,Tulare,CA,45.35,80.15
6109,Tuolumne,CA,36.3,69.9
6111,Ventura,CA,46.85,73.55
6113,Yolo,CA,41.45,73.45
6115,Yuba,CA,40.1,72.2
8001,Adams,CO,26.4,68.2
8003,Alamosa,CO,24.8,66.15
8005,Arapahoe,CO,26.4,68.2
8007,Archuleta,CO,25.02,65.92
8009,Baca,CO,33.33,76.48
8011,Bent,CO,29.9,72
8013,Boulder,CO,24.6,66.6
8014,Broomfield,CO,26.4,68.2
8015,Chaffee,CO,24.7,66.38
8017,Cheyenne,CO,29.6,73.3
8019,Clear Creek,CO,24.6,66.6
8021,Conejos,CO,23.63,64.03
8023,Costilla,CO,26,66.37
8025,Crowley,CO,29.9,72
8027,Custer,CO,24.8,66.15
8029,Delta,CO,22.8,65
8031,Denver,CO,26.4,68.2
8033,Dolores,CO,26.35,71.15
8035,Douglas,CO,26.4,68.2
8037,Eagle,CO,26.35,68.5
8039,Elbert,CO,28.15,70.1
8041,El Paso,CO,28.15,70.1
8043,Fremont,CO,24.8,66.15
8045,Garfield,CO,24.67,71.3
8047,Gilpin,CO,24.6,66.6
8049,Grand,CO,24.6,66.6
8051,Gunnison,CO,26.35,68.5
8053,Hinsdale,CO,21.25,62.65
8055,Huerfano,CO,24.8,66.15
8057,Jackson,CO,23.37,66.2
8059,Jefferson,CO,26.4,68.2
8061,Kiowa,CO,29.6,73.3
8063,Kit Carson,CO,29.5,74.47
8065,Lake,CO,26.37,68.4
8067,La Plata,CO,26,68.3
8069,Larimer,CO,23.37,66.2
8071,Las Animas,CO,31.47,71.5
8073,Lincoln,CO,28.53,71.6
8075,Logan,CO,27.85,71.4
8077,Mesa,CO,22.8,65
8079,Mineral,CO,21.25,62.65
8081,Moffat,CO,20.73,66.8
8083,Montezuma,CO,28.7,71.8
8085,Montrose,CO,26.35,71.15
8087,Morgan,CO,26.4,68.2
8089,Otero,CO,29.9,72
8091,Ouray,CO,22.8,65
8093,Park,CO,26.37,68.4
8095,Phillips,CO,27.67,72.7
8097,Pitkin,CO,26.35,68.5
8099,Prowers,CO,29.9,72
8101,Pueblo,CO,29.9,72
8103,Rio Blanco,CO,22.05,68.3
8105,Rio Grande,CO,19.7,60.3
8107,Routt,CO,22.05,65.6
8109,Saguache,CO,24.13,65.77
8111,San Juan,CO,21.25,62.65
8113,San Miguel,CO,26.35,71.15
8115,Sedgwick,CO,27.67,72.7
8117,Summit,CO,26.37,68.4
8119,Teller,CO,28.15,70.1
8121,Washington,CO,27.85,71.4
8123,Weld,CO,26.23,69.93
8125,Yuma,CO,28.3,74.95
9001,Fairfield,CT,26.17,71.4
9003,Hartford,CT,23.72,70.05
9005,Litchfield,CT,24.8,70.65
9007,Middlesex,CT,27.55,72.25
9009,New Haven,CT,26.17,71.4
9011,New London,CT,27.7,72
9013,Tolland,CT,26.2,71.6
9015,Windham,CT,26.07,71.3
